,dataset,corruption,fold,test_score,z_score_LR,p_score_LR,z_score_GBT,p_score_GBT,avg_loss_time
0,23,pass,0,0.5817371492081133,0,0,0,0,0.010017760925822787
1,23,pass,1,0.5613158283555311,0,0,0,0,0.010297478569878473
2,23,pass,2,0.49619570074771613,0,0,0,0,0.010506815380520292
3,23,pass,3,0.5368292264951209,0,0,0,0,0.010868807633717855
4,23,pass,4,0.531137754826688,0,0,0,0,0.010450448209082175
5,23,pass,5,0.5375120888648189,0,0,0,0,0.01150191326936086
6,23,pass,6,0.5700856938762257,0,0,0,0,0.011192927537141023
7,23,pass,7,0.5647231876588923,0,0,0,0,0.010928328831990559
8,23,pass,8,0.5290647207314227,0,0,0,0,0.011178574530906926
9,23,pass,9,0.5321375287035591,0,0,0,0,0.010320650206671821
10,23,pass,10,0.5479979341476848,0,0,0,0,0.011237069412514015
11,23,pass,11,0.5246024071340017,0,0,0,0,0.011466005113389757
12,23,pass,12,0.5832117942985341,0,0,0,0,0.010268554352877433
13,23,pass,13,0.49788917211593015,0,0,0,0,0.010050694147745768
14,23,pass,14,0.43540902790741015,0,0,0,0,0.010859655009375678
15,23,pass,15,0.502054830899008,0,0,0,0,0.010300410339255738
16,23,pass,16,0.5781947297400938,0,0,0,0,0.010223145436758946
17,23,pass,17,0.5612200147534446,0,0,0,0,0.012462412869488751
18,23,pass,18,0.5630465973396286,0,0,0,0,0.012191307397536289
19,23,pass,19,0.569092073105195,0,0,0,0,0.012098826008078493
20,23,pass,20,0.5571325155620701,0,0,0,0,0.011211872100830078
21,23,pass,21,0.533795371058816,0,0,0,0,0.010307489879547603
22,23,pass,22,0.4671656823812093,0,0,0,0,0.009995641871395275
23,23,pass,23,0.47676652384795165,0,0,0,0,0.009910331832038032
24,23,pass,24,0.5069315859376953,0,0,0,0,0.010423984283056015
25,23,pass,25,0.5247260925658332,0,0,0,0,0.010231084293789335
26,23,pass,26,0.5014614635477461,0,0,0,0,0.010510638908103661
27,23,pass,27,0.49938801550964,0,0,0,0,0.010465112599459562
28,23,pass,28,0.5430339829719208,0,0,0,0,0.010147329360719711
29,23,pass,29,0.4928990057694218,0,0,0,0,0.010621588907124084
30,23,scarf,0,0.5427027042999314,0,0,0,0,0.011037588119506836
31,23,scarf,1,0.5694143457720667,0,0,0,0,0.010388292648174145
32,23,scarf,2,0.4956940235336689,0,0,0,0,0.014128605524698893
33,23,scarf,3,0.555515670769908,0,0,0,0,0.01506552431318495
34,23,scarf,4,0.5249761090316039,0,0,0,0,0.011669098384796626
35,23,scarf,5,0.5394185723175903,0,0,0,0,0.009515050384733412
36,23,scarf,6,0.5587058935434848,0,0,0,0,0.013297248769689489
37,23,scarf,7,0.5925765276274294,0,0,0,0,0.010063295011167173
38,23,scarf,8,0.5373074077401998,0,0,0,0,0.013592263062795004
39,23,scarf,9,0.5544194745141291,0,0,0,0,0.014392190509372287
40,23,scarf,10,0.5361934883433546,0,0,0,0,0.00964579919371942
41,23,scarf,11,0.5268870607227572,0,0,0,0,0.013487153583102755
42,23,scarf,12,0.5791598396775124,0,0,0,0,0.0110824273692237
43,23,scarf,13,0.49548939355658844,0,0,0,0,0.012635950349334978
44,23,scarf,14,0.5601552011322117,0,0,0,0,0.01438571015993754
45,23,scarf,15,0.49022656141542126,0,0,0,0,0.014048500193489922
46,23,scarf,16,0.5762594889731456,0,0,0,0,0.013285117679172093
47,23,scarf,17,0.530235333625442,0,0,0,0,0.010162979364395142
48,23,scarf,18,0.5892916818342463,0,0,0,0,0.01277266608344184
49,23,scarf,19,0.5356833009742701,0,0,0,0,0.010620249642266167
50,23,scarf,20,0.5004973318562115,0,0,0,0,0.012590974569320679
51,23,scarf,21,0.5663260292494512,0,0,0,0,0.012982204225328234
52,23,scarf,22,0.5749443149390884,0,0,0,0,0.011692772007951832
53,23,scarf,23,0.5077337400992523,0,0,0,0,0.010003063413831923
54,23,scarf,24,0.5071280709760493,0,0,0,0,0.014220865945967416
55,23,scarf,25,0.5354712917524482,0,0,0,0,0.012611521614922417
56,23,scarf,26,0.49055624553965393,0,0,0,0,0.011833280324935913
57,23,scarf,27,0.4655289393274498,0,0,0,0,0.010840415954589844
58,23,scarf,28,0.51520705337608,0,0,0,0,0.014794839753044976
59,23,scarf,29,0.5115438256658595,0,0,0,0,0.01101845833990309
60,1049,pass,0,0.8710582986542044,0,0,0,0,0.015551400184631348
61,1049,pass,1,0.9030743490536441,0,0,0,0,0.013349629938602448
62,1049,pass,2,0.9030743490536441,0,0,0,0,0.01198200952439081
63,1049,pass,3,0.8972602739726028,0,0,0,0,0.012046838800112406
64,1049,pass,4,0.9060787671232876,0,0,0,0,0.011096566915512085
65,1049,pass,5,0.9105301683572101,0,0,0,0,0.012032076716423035
66,1049,pass,6,0.9105301683572101,0,0,0,0,0.01263008713722229
67,1049,pass,7,0.8988151754685232,0,0,0,0,0.013158177074633147
68,1049,pass,8,0.912771702990106,0,0,0,0,0.01422486235113705
69,1049,pass,9,0.899587855067307,0,0,0,0,0.011985407107406192
70,1049,pass,10,0.9074272635916473,0,0,0,0,0.011708759599261813
71,1049,pass,11,0.8926144801573569,0,0,0,0,0.012472523295361063
72,1049,pass,12,0.9030743490536441,0,0,0,0,0.013767365898404802
73,1049,pass,13,0.8967590189929495,0,0,0,0,0.011168800294399261
74,1049,pass,14,0.9030743490536441,0,0,0,0,0.015195492066835103
75,1049,pass,15,0.9098601201580787,0,0,0,0,0.013009595243554366
76,1049,pass,16,0.8927747165101062,0,0,0,0,0.011000596814685397
77,1049,pass,17,0.9025276197247093,0,0,0,0,0.01249826947848002
78,1049,pass,18,0.886227910577239,0,0,0,0,0.014017147322495779
79,1049,pass,19,0.8713960876902477,0,0,0,0,0.012863129377365112
80,1049,pass,20,0.9090075911520447,0,0,0,0,0.01306070884068807
81,1049,pass,21,0.9003062838679277,0,0,0,0,0.0134834928645028
82,1049,pass,22,0.8834539564606897,0,0,0,0,0.013963447676764594
83,1049,pass,23,0.8805882977593712,0,0,0,0,0.012783643272187974
84,1049,pass,24,0.8876125155382317,0,0,0,0,0.015393467886107308
85,1049,pass,25,0.9328976262679075,0,0,0,0,0.011729576559953912
86,1049,pass,26,0.8904109589041096,0,0,0,0,0.011193143694024337
87,1049,pass,27,0.883437602088814,0,0,0,0,0.013297104835510254
88,1049,pass,28,0.8988151754685232,0,0,0,0,0.010656466850867638
89,1049,pass,29,0.888835017491285,0,0,0,0,0.009653736101953607
90,1049,scarf,0,0.8740315792295527,0,0,0,0,0.009459031479699271
91,1049,scarf,1,0.9041095890410958,0,0,0,0,0.011057507991790772
92,1049,scarf,2,0.875448502301047,0,0,0,0,0.010347890853881835
93,1049,scarf,3,0.9196475710903836,0,0,0,0,0.014113441109657288
94,1049,scarf,4,0.9034197274450173,0,0,0,0,0.01195447359766279
95,1049,scarf,5,0.8988151754685232,0,0,0,0,0.01449669897556305
96,1049,scarf,6,0.9057934392293148,0,0,0,0,0.013661635773522514
97,1049,scarf,7,0.9119671273510394,0,0,0,0,0.013675163189570108
98,1049,scarf,8,0.8966836263542327,0,0,0,0,0.013081955058234078
99,1049,scarf,9,0.9030743490536441,0,0,0,0,0.013497314850489299
100,1049,scarf,10,0.9074272635916473,0,0,0,0,0.013409025967121124
101,1049,scarf,11,0.9013975225002739,0,0,0,0,0.012287581960360209
102,1049,scarf,12,0.9013975225002739,0,0,0,0,0.00950171301762263
103,1049,scarf,13,0.8807068911429469,0,0,0,0,0.011745665222406387
104,1049,scarf,14,0.9013975225002739,0,0,0,0,0.013423347473144531
105,1049,scarf,15,0.9263436068328518,0,0,0,0,0.00965473868630149
106,1049,scarf,16,0.9074272635916473,0,0,0,0,0.012672272821267446
107,1049,scarf,17,0.9016609510959528,0,0,0,0,0.010624534553951688
108,1049,scarf,18,0.8869320388806626,0,0,0,0,0.015577513724565506
109,1049,scarf,19,0.8956185297500784,0,0,0,0,0.012598564227422079
110,1049,scarf,20,0.8960069518466857,0,0,0,0,0.012392520904541016
111,1049,scarf,21,0.910958904109589,0,0,0,0,0.015703484416007996
112,1049,scarf,22,0.8927747165101062,0,0,0,0,0.011709362268447876
113,1049,scarf,23,0.8753370297890847,0,0,0,0,0.01116667091846466
114,1049,scarf,24,0.8816630831358839,0,0,0,0,0.011339595913887024
115,1049,scarf,25,0.9293086094141076,0,0,0,0,0.012520462274551392
116,1049,scarf,26,0.910958904109589,0,0,0,0,0.011948862671852111
117,1049,scarf,27,0.8960069518466857,0,0,0,0,0.015668373554944992
118,1049,scarf,28,0.8859317880528662,0,0,0,0,0.012528769671916962
119,1049,scarf,29,0.8881627104465126,0,0,0,0,0.011065940062204996
120,1067,pass,0,0.8488440468935645,0,0,0,0,0.01163454536806073
121,1067,pass,1,0.8395393768276697,0,0,0,0,0.01244952108549035
122,1067,pass,2,0.8290860444951241,0,0,0,0,0.013062848647435506
123,1067,pass,3,0.8519743701206216,0,0,0,0,0.010489453872044882
124,1067,pass,4,0.8340047393364929,0,0,0,0,0.013209554884168837
125,1067,pass,5,0.8122817171741814,0,0,0,0,0.011160250657644028
126,1067,pass,6,0.8394829618560289,0,0,0,0,0.010567257217332428
127,1067,pass,7,0.8412088697657577,0,0,0,0,0.012844951529251901
128,1067,pass,8,0.8319435279060933,0,0,0,0,0.011064791844950782
129,1067,pass,9,0.8313890237118047,0,0,0,0,0.013109144237306383
130,1067,pass,10,0.8338507850790473,0,0,0,0,0.013050479548318046
131,1067,pass,11,0.8481734926951516,0,0,0,0,0.013134029873630456
132,1067,pass,12,0.8430677252922184,0,0,0,0,0.010319143533706665
133,1067,pass,13,0.8248587166395739,0,0,0,0,0.01347644329071045
134,1067,pass,14,0.8322448097951302,0,0,0,0,0.011257786904611895
135,1067,pass,15,0.837647309626421,0,0,0,0,0.011339966897611265
136,1067,pass,16,0.8147071432277185,0,0,0,0,0.012606411510043674
137,1067,pass,17,0.8321999799516508,0,0,0,0,0.011418319883800689
138,1067,pass,18,0.8180576643380526,0,0,0,0,0.013080387834518675
139,1067,pass,19,0.8189872542964703,0,0,0,0,0.011388686175147692
140,1067,pass,20,0.8565333429077505,0,0,0,0,0.013046169892335549
141,1067,pass,21,0.8372966568464197,0,0,0,0,0.01185110674964057
142,1067,pass,22,0.7997942130207034,0,0,0,0,0.012530787785847982
143,1067,pass,23,0.8468315005629209,0,0,0,0,0.012460221846898397
144,1067,pass,24,0.7965219385415074,0,0,0,0,0.012912819782892862
145,1067,pass,25,0.808912368701166,0,0,0,0,0.011650842778822956
146,1067,pass,26,0.8194609004739338,0,0,0,0,0.012938352192149442
147,1067,pass,27,0.8246911675224453,0,0,0,0,0.011466180994397118
148,1067,pass,28,0.8338507850790473,0,0,0,0,0.01639874279499054
149,1067,pass,29,0.841387246806022,0,0,0,0,0.011017659353831458
150,1067,scarf,0,0.8488891177230873,0,0,0,0,0.014066156112786495
151,1067,scarf,1,0.8284112191673391,0,0,0,0,0.010982491351940014
152,1067,scarf,2,0.8481734926951516,0,0,0,0,0.017296969890594482
153,1067,scarf,3,0.8313890237118047,0,0,0,0,0.012516245697483872
154,1067,scarf,4,0.8425105509383274,0,0,0,0,0.01585869656668769
155,1067,scarf,5,0.8340062518906929,0,0,0,0,0.016029775142669678
156,1067,scarf,6,0.833178881578295,0,0,0,0,0.012831530150245218
157,1067,scarf,7,0.8264090339713105,0,0,0,0,0.012163062890370687
158,1067,scarf,8,0.8353855058296666,0,0,0,0,0.01305742859840393
159,1067,scarf,9,0.8326387100121329,0,0,0,0,0.010775782845237038
160,1067,scarf,10,0.8214710291311824,0,0,0,0,0.011773314740922716
161,1067,scarf,11,0.8555869485964271,0,0,0,0,0.011963762839635213
162,1067,scarf,12,0.8231924598225421,0,0,0,0,0.014575359721978506
163,1067,scarf,13,0.8145562882066075,0,0,0,0,0.015131860971450806
164,1067,scarf,14,0.8349796291677061,0,0,0,0,0.012289876029604957
165,1067,scarf,15,0.8060506438638064,0,0,0,0,0.01088934474521213
166,1067,scarf,16,0.8356624944302669,0,0,0,0,0.010144975036382675
167,1067,scarf,17,0.8266457819099888,0,0,0,0,0.013321531541419752
168,1067,scarf,18,0.8356624944302669,0,0,0,0,0.013734495639801026
169,1067,scarf,19,0.8290860444951241,0,0,0,0,0.01310398607026963
170,1067,scarf,20,0.8641552303061885,0,0,0,0,0.010695192075911023
171,1067,scarf,21,0.8372966568464197,0,0,0,0,0.010483627518018087
172,1067,scarf,22,0.8172988751499601,0,0,0,0,0.011415404081344605
173,1067,scarf,23,0.8394829618560289,0,0,0,0,0.012528816858927408
174,1067,scarf,24,0.81112152357357,0,0,0,0,0.011231974149361635
175,1067,scarf,25,0.8322448097951302,0,0,0,0,0.013529062271118164
176,1067,scarf,26,0.8114052904773783,0,0,0,0,0.012205992142359416
177,1067,scarf,27,0.8243288733564923,0,0,0,0,0.010332649662381127
178,1067,scarf,28,0.8353855058296666,0,0,0,0,0.010488378504912058
179,1067,scarf,29,0.8353855058296666,0,0,0,0,0.015324536959330242
180,1489,pass,0,0.852477642751761,0,0,0,0,0.011719139913717905
181,1489,pass,1,0.861118544643956,0,0,0,0,0.012190125783284505
182,1489,pass,2,0.8484186869938453,0,0,0,0,0.010922986136542426
183,1489,pass,3,0.8604923212250711,0,0,0,0,0.011559470840122389
184,1489,pass,4,0.8580284037188447,0,0,0,0,0.010647585988044739
185,1489,pass,5,0.8471110996194438,0,0,0,0,0.01080412779535566
186,1489,pass,6,0.8387523721184984,0,0,0,0,0.012339955347555656
187,1489,pass,7,0.8825363383716628,0,0,0,0,0.011394057129368638
188,1489,pass,8,0.8491438953169029,0,0,0,0,0.011432854996787176
189,1489,pass,9,0.8475237041625754,0,0,0,0,0.014573825730217827
190,1489,pass,10,0.8692176341088791,0,0,0,0,0.012552992124406118
191,1489,pass,11,0.8487113973426363,0,0,0,0,0.011800131143308154
192,1489,pass,12,0.856074683973347,0,0,0,0,0.011779454642651128
193,1489,pass,13,0.8262962918930548,0,0,0,0,0.013039798869027033
194,1489,pass,14,0.8558215124622439,0,0,0,0,0.010907242139180501
195,1489,pass,15,0.8562676765381836,0,0,0,0,0.01381070847604789
196,1489,pass,16,0.8728653495458091,0,0,0,0,0.012585132772272283
197,1489,pass,17,0.8633021731356724,0,0,0,0,0.011004075266066051
198,1489,pass,18,0.845812439681166,0,0,0,0,0.011912482518416185
199,1489,pass,19,0.8564583738766398,0,0,0,0,0.010427256992885044
200,1489,pass,20,0.8568108539632868,0,0,0,0,0.010983486686434065
201,1489,pass,21,0.8593626148791852,0,0,0,0,0.01164900283018748
202,1489,pass,22,0.8774623348200613,0,0,0,0,0.011347668412802875
203,1489,pass,23,0.8720860736267058,0,0,0,0,0.011944391762000926
204,1489,pass,24,0.8504882364987213,0,0,0,0,0.012000605193051425
205,1489,pass,25,0.8609100693518399,0,0,0,0,0.011241185053800925
206,1489,pass,26,0.8511378059789528,0,0,0,0,0.01126618054178026
207,1489,pass,27,0.8661556838929569,0,0,0,0,0.014513184474064753
208,1489,pass,28,0.846913533052734,0,0,0,0,0.010834550857543946
209,1489,pass,29,0.8525544416797305,0,0,0,0,0.011039195305261856
210,1489,scarf,0,0.85198034358386,0,0,0,0,0.011686227056715223
211,1489,scarf,1,0.8396055000993505,0,0,0,0,0.011060415373908148
212,1489,scarf,2,0.873665861978771,0,0,0,0,0.012240078051884968
213,1489,scarf,3,0.8609802330972411,0,0,0,0,0.011597895622253418
214,1489,scarf,4,0.8619554229306051,0,0,0,0,0.012080542968981194
215,1489,scarf,5,0.8430783127231325,0,0,0,0,0.011385661182981548
216,1489,scarf,6,0.8735532919935358,0,0,0,0,0.011358102162679037
217,1489,scarf,7,0.8612997658575136,0,0,0,0,0.012933190663655598
218,1489,scarf,8,0.8470058070056877,0,0,0,0,0.012234062353769937
219,1489,scarf,9,0.8466598007328269,0,0,0,0,0.012063643137613933
220,1489,scarf,10,0.8604324924857344,0,0,0,0,0.012161995967229207
221,1489,scarf,11,0.8528804297481122,0,0,0,0,0.011047376285899769
222,1489,scarf,12,0.8549786400869912,0,0,0,0,0.012312793731689453
223,1489,scarf,13,0.8500810465115196,0,0,0,0,0.014243073816652652
224,1489,scarf,14,0.8559140628185837,0,0,0,0,0.012919239203135173
225,1489,scarf,15,0.8672268694658937,0,0,0,0,0.013361167907714844
226,1489,scarf,16,0.8708652992466506,0,0,0,0,0.01119114255148267
227,1489,scarf,17,0.8543650640169549,0,0,0,0,0.00978185508562171
228,1489,scarf,18,0.8514170249722536,0,0,0,0,0.014168483239633066
229,1489,scarf,19,0.8619720474880598,0,0,0,0,0.012652255098025004
230,1489,scarf,20,0.8602582804813319,0,0,0,0,0.012421808419404207
231,1489,scarf,21,0.862691652172749,0,0,0,0,0.013313292573999476
232,1489,scarf,22,0.879409901668131,0,0,0,0,0.010999965667724609
233,1489,scarf,23,0.8504118765637362,0,0,0,0,0.012876826344114361
234,1489,scarf,24,0.8471101094713532,0,0,0,0,0.015310407820202055
235,1489,scarf,25,0.8614083471772449,0,0,0,0,0.010722498404674041
236,1489,scarf,26,0.8548811667565553,0,0,0,0,0.012504961377098446
237,1489,scarf,27,0.8604449578270733,0,0,0,0,0.012738794485727945
238,1489,scarf,28,0.855989758898795,0,0,0,0,0.012824871804979113
239,1489,scarf,29,0.8462642066392753,0,0,0,0,0.012648957116263253
