dataset,corruption,fold,val_score,test_score
23,ftt,0,0.4895840117518449,0.49919670195327737
23,ftt,1,0.5221073608170382,0.45557384987893457
23,ftt,2,0.6266457880800431,0.4369716382630135
23,ftt,3,0.5228523350058292,0.49246057371451774
23,ftt,4,0.5441441168876859,0.46645969804068044
23,ftt,5,0.6075307377049181,0.47631780513149574
23,ftt,6,0.5490264675955391,0.4713482515974937
23,ftt,7,0.5294826672129547,0.51836182540325
23,ftt,8,0.5403551107498477,0.47300455577283
23,ftt,9,0.592573431109787,0.4661525441230552
23,ftt,10,0.553829803829804,0.4863212566353552
23,ftt,11,0.5387933298425102,0.4598325577798958
23,ftt,12,0.6173886861960257,0.48033675103780754
23,ftt,13,0.6105705067584432,0.4656864145631726
23,ftt,14,0.6069487396921025,0.5442764514810033
23,ftt,15,0.5079870610951983,0.4986206481986866
23,ftt,16,0.5125583740630599,0.5019927032090542
23,ftt,17,0.5294520936030369,0.5038815946526617
23,ftt,18,0.574723018981565,0.4799593827476763
23,ftt,19,0.5913145115501461,0.48251726591096306
23,ftt,20,0.5698596699771787,0.4696984777686804
23,ftt,21,0.49480735251800434,0.4601452754828018
23,ftt,22,0.4863843823639682,0.5068057897614456
23,ftt,23,0.6293562244942992,0.4438520123849516
23,ftt,24,0.5185879309966901,0.48877909145193144
23,ftt,25,0.5579545711124659,0.5298217060811933
23,ftt,26,0.5877740702952569,0.463202991623732
23,ftt,27,0.5861996884504684,0.45181225554106913
23,ftt,28,0.5709104280532852,0.5091080669329344
23,ftt,29,0.5851648405161918,0.4725471925157886
458,ftt,0,1.0,0.9821228081583111
458,ftt,1,1.0,1.0
458,ftt,2,1.0,0.9940804879569156
458,ftt,3,1.0,0.9940804879569156
458,ftt,4,1.0,1.0
458,ftt,5,1.0,1.0
458,ftt,6,1.0,1.0
458,ftt,7,1.0,1.0
458,ftt,8,0.988085925374061,1.0
458,ftt,9,1.0,1.0
458,ftt,10,1.0,0.9940844063479187
458,ftt,11,1.0,0.9822802287881965
458,ftt,12,1.0,0.9940804879569156
458,ftt,13,1.0,1.0
458,ftt,14,1.0,1.0
458,ftt,15,1.0,0.9941685961752851
458,ftt,16,1.0,0.994186187137049
458,ftt,17,1.0,1.0
458,ftt,18,1.0,0.9881546937045815
458,ftt,19,1.0,0.9940804879569156
458,ftt,20,1.0,0.9940628969951518
458,ftt,21,1.0,0.9940804879569156
458,ftt,22,1.0,1.0
458,ftt,23,1.0,1.0
458,ftt,24,0.988085925374061,1.0
458,ftt,25,1.0,1.0
458,ftt,26,1.0,0.9940804879569156
458,ftt,27,1.0,0.9704306025924536
458,ftt,28,1.0,0.9940804879569156
458,ftt,29,1.0,0.9940992233683291
469,ftt,0,0.18873412698412698,0.18650300250515767
469,ftt,1,0.21896078431372548,0.16424967320674747
469,ftt,2,0.2280415057915058,0.23586359070001178
469,ftt,3,0.10919698009608785,0.21624055491016217
469,ftt,4,0.0723990322269664,0.1800964085080256
469,ftt,5,0.16125432733717618,0.19759213077820248
469,ftt,6,0.18170645530939647,0.19902795623603647
469,ftt,7,0.09542783829074153,0.1786861941250239
469,ftt,8,0.17700502909321844,0.15289962775634686
469,ftt,9,0.10788826332304594,0.1809572750046888
469,ftt,10,0.17889677610174504,0.18715201376638502
469,ftt,11,0.2372143752098995,0.19057293364314204
469,ftt,12,0.22626354375847274,0.17606106298216898
469,ftt,13,0.2526891368435486,0.2439273118914965
469,ftt,14,0.150120320855615,0.1467359415993482
469,ftt,15,0.18810887096774193,0.19492822104314056
469,ftt,16,0.1842436974789916,0.18677384995865742
469,ftt,17,0.24142353892353893,0.20353034556992258
469,ftt,18,0.29795437508518463,0.21140239477503625
469,ftt,19,0.12893997893997894,0.1500278736403584
469,ftt,20,0.22585795454545457,0.16480924105029238
469,ftt,21,0.1877667984189723,0.15132984434702762
469,ftt,22,0.1665531914893617,0.20343288177339902
469,ftt,23,0.14132087461839737,0.14863269307402857
469,ftt,24,0.2760057471264368,0.2125641086168316
469,ftt,25,0.17942637261976707,0.1595492305090261
469,ftt,26,0.17144138861715794,0.16391243756642973
469,ftt,27,0.18567491001973763,0.19764760879337656
469,ftt,28,0.1827938333228028,0.19671914170734922
469,ftt,29,0.2051930221757808,0.2130268044747626
1049,ftt,0,0.8899589091887994,0.8960069518466857
1049,ftt,1,0.8956185297500784,0.9227336044325344
1049,ftt,2,0.8767738956441434,0.8876125155382317
1049,ftt,3,0.8988540569020023,0.9029262832471617
1049,ftt,4,0.9062554996054476,0.9074272635916473
1049,ftt,5,0.9390683189232747,0.9080770983567005
1049,ftt,6,0.9006026730862943,0.9186746904569915
1049,ftt,7,0.9081430745814306,0.9287902027628057
1049,ftt,8,0.9193032000717861,0.9186746904569915
1049,ftt,9,0.9133034773445734,0.9016609510959528
1049,ftt,10,0.8928634281205116,0.918757758564366
1049,ftt,11,0.9074272635916473,0.8778803841861488
1049,ftt,12,0.9196475710903836,0.9210494543765962
1049,ftt,13,0.9212654924983691,0.8916770114191547
1049,ftt,14,0.9133034773445734,0.8899589091887994
1049,ftt,15,0.8789433446967694,0.9129515353479157
1049,ftt,16,0.884906824632852,0.8789433446967694
1049,ftt,17,0.9196475710903836,0.8944488057363719
1049,ftt,18,0.8687758208306153,0.8988540569020023
1049,ftt,19,0.9133034773445734,0.9046310546302927
1049,ftt,20,0.9074272635916473,0.9030743490536441
1049,ftt,21,0.9212654924983691,0.9098601201580787
1049,ftt,22,0.9375954678017469,0.8916770114191547
1049,ftt,23,0.9074272635916473,0.907229161547208
1049,ftt,24,0.8767123287671232,0.8844046364594308
1049,ftt,25,0.8767738956441434,0.923727793979913
1049,ftt,26,0.966149066068486,0.8944588907058413
1049,ftt,27,0.9355772994129159,0.910958904109589
1049,ftt,28,0.8765020106676535,0.8946367333170923
1049,ftt,29,0.9178082191780822,0.9001695636473404
1050,ftt,0,0.8873918014045402,0.8865213061698685
1050,ftt,1,0.8498696191168299,0.8618160060510955
1050,ftt,2,0.8608672366634148,0.87785457880373
1050,ftt,3,0.8608672366634148,0.865814696485623
1050,ftt,4,0.8920885850036883,0.8685148808617894
1050,ftt,5,0.8532952034316911,0.875505116334211
1050,ftt,6,0.8906947277510411,0.8768513503537327
1050,ftt,7,0.8738785320204323,0.8708414737858277
1050,ftt,8,0.8570623362898231,0.8640367024872718
1050,ftt,9,0.9075045014317329,0.8683961962391388
1050,ftt,10,0.8678234131341972,0.8676081905315131
1050,ftt,11,0.8466833944540951,0.8545630798026963
1050,ftt,12,0.8570623362898231,0.8702795527156549
1050,ftt,13,0.8498696191168299,0.8922560230339711
1050,ftt,14,0.8738785320204323,0.88572608503603
1050,ftt,15,0.8971959879932645,0.8699004559932958
1050,ftt,16,0.8498696191168299,0.8753397826880256
1050,ftt,17,0.8498696191168299,0.8707743800395557
1050,ftt,18,0.8825097005637309,0.8640367024872718
1050,ftt,19,0.8872431602177767,0.8773014144397334
1050,ftt,20,0.8872431602177767,0.8546068595038093
1050,ftt,21,0.8812292900464899,0.8706566316311499
1050,ftt,22,0.8612567521475992,0.8635541367734565
1050,ftt,23,0.8678234131341972,0.8889394136528133
1050,ftt,24,0.88263700350076,0.8843770768774972
1050,ftt,25,0.8766726685756439,0.8420754354869664
1050,ftt,26,0.902277405522073,0.8465352400354557
1050,ftt,27,0.8766726685756439,0.8662693357456626
1050,ftt,28,0.8722089149134803,0.8530763950463242
1050,ftt,29,0.8695957363837252,0.8503703347826435
1063,ftt,0,0.7946445587955022,0.7775893221425655
1063,ftt,1,0.9608161474330847,0.809322974472808
1063,ftt,2,0.8357156470364017,0.8255102040816326
1063,ftt,3,0.8099864071131951,0.8417927170868349
1063,ftt,4,0.9423814808942444,0.786734693877551
1063,ftt,5,0.7796245142562854,0.7584217687074829
1063,ftt,6,0.8522116499769294,0.8174852951903501
1063,ftt,7,0.8040807371654235,0.786734693877551
1063,ftt,8,0.9423814808942444,0.8016161616161617
1063,ftt,9,0.7306521840910155,0.7851273238556475
1063,ftt,10,0.8271444426827335,0.8220168067226891
1063,ftt,11,0.8197103037359176,0.8255102040816326
1063,ftt,12,0.9608161474330847,0.7748826533066683
1063,ftt,13,0.8824484422992541,0.7673469387755103
1063,ftt,14,0.8522116499769294,0.7598490726188817
1063,ftt,15,0.8767867352773013,0.7982732209998609
1063,ftt,16,0.8767867352773013,0.792738551359241
1063,ftt,17,0.8693396226415094,0.8500739027054817
1063,ftt,18,0.8655567887532372,0.7859274867759399
1063,ftt,19,0.7395815498407698,0.7978084746750597
1063,ftt,20,0.9178578235182008,0.7808571428571428
1063,ftt,21,0.8490566037735849,0.8174852951903501
1063,ftt,22,0.8597746806834914,0.7851273238556475
1063,ftt,23,0.870000098836692,0.8174852951903501
1063,ftt,24,0.8040807371654235,0.8285714285714286
1063,ftt,25,0.8432645897323388,0.7562541029136999
1063,ftt,26,0.8099864071131951,0.8174852951903501
1063,ftt,27,0.7887320966122298,0.8174852951903501
1063,ftt,28,0.7887320966122298,0.81009361009361
1063,ftt,29,0.8767867352773013,0.8417927170868349
1067,ftt,0,0.8286866330860277,0.8319523103348633
1067,ftt,1,0.8042132949554601,0.8549910503178441
1067,ftt,2,0.8306925744549325,0.8108827716027329
1067,ftt,3,0.7949768173247068,0.8381654054620199
1067,ftt,4,0.8251657827247377,0.8320008444370386
1067,ftt,5,0.8081182510489233,0.8114642256535699
1067,ftt,6,0.8010507182729774,0.8239107964591513
1067,ftt,7,0.8457440255446466,0.798342772401836
1067,ftt,8,0.8042132949554601,0.8443805091512135
1067,ftt,9,0.8566382390957245,0.8460880117913767
1067,ftt,10,0.819405412751928,0.8189505372044796
1067,ftt,11,0.8251657827247377,0.8326339735122379
1067,ftt,12,0.8042132949554601,0.8664207426683663
1067,ftt,13,0.7720366963535131,0.8288710557138232
1067,ftt,14,0.7949768173247068,0.8296036248036396
1067,ftt,15,0.8572630979203895,0.8442090283918992
1067,ftt,16,0.8419797361579369,0.8388371141155745
1067,ftt,17,0.8534243065699588,0.8308012281506396
1067,ftt,18,0.8125269280482552,0.8356354787749071
1067,ftt,19,0.8736233884718289,0.8223495852111411
1067,ftt,20,0.8345825835719897,0.8275531606832606
1067,ftt,21,0.8571703940228209,0.8166520357020652
1067,ftt,22,0.8228912885882981,0.8057893446641609
1067,ftt,23,0.8674585909260759,0.8166520357020652
1067,ftt,24,0.829972195621152,0.8325112208391738
1067,ftt,25,0.8596050133883114,0.8127094964316237
1067,ftt,26,0.8416982510955552,0.8277827843386795
1067,ftt,27,0.8532668978609415,0.8252538106270454
1067,ftt,28,0.827106046855568,0.839340560529146
1067,ftt,29,0.8650949012065848,0.8293205584239115
1068,ftt,0,0.9233516152947432,0.9115839555937355
1068,ftt,1,0.8932390334259492,0.9062468494319283
1068,ftt,2,0.9233516152947432,0.9212559039622146
1068,ftt,3,0.8932390334259492,0.9130419160331915
1068,ftt,4,0.9101453311979628,0.9395752895752896
1068,ftt,5,0.8932390334259492,0.9221953985560134
1068,ftt,6,0.9233516152947432,0.9038884335103695
1068,ftt,7,0.8887197056211139,0.9156912125747554
1068,ftt,8,0.9134486599275331,0.9289217274828786
1068,ftt,9,0.9134486599275331,0.909967521478313
1068,ftt,10,0.8841577426483087,0.9260788234535251
1068,ftt,11,0.9231264231264232,0.9255271755271756
1068,ftt,12,0.9304946455889852,0.9194337194337195
1068,ftt,13,0.8887197056211139,0.9232928768079414
1068,ftt,14,0.9134486599275331,0.9383988304851614
1068,ftt,15,0.9233516152947432,0.9162180724680725
1068,ftt,16,0.9615632115632115,0.8947349509875475
1068,ftt,17,0.9535622579100839,0.9221953985560134
1068,ftt,18,0.8887197056211139,0.9130419160331915
1068,ftt,19,0.9134486599275331,0.9130419160331915
1068,ftt,20,0.9301130353761933,0.9069089694089693
1068,ftt,21,0.901452076807527,0.9038884335103695
1068,ftt,22,0.9583011583011583,0.9167549902844021
1068,ftt,23,0.9166023166023166,0.9093599239584642
1068,ftt,24,0.9304946455889852,0.9147698631199349
1068,ftt,25,0.901452076807527,0.9289217274828786
1068,ftt,26,0.8841577426483087,0.9125065599580163
1068,ftt,27,0.9304946455889852,0.9124070884888814
1068,ftt,28,0.9134486599275331,0.9295045045045045
1068,ftt,29,0.9073261941186469,0.9295161422820998
1464,ftt,0,0.7880726484142045,0.6533333333333333
1464,ftt,1,0.7849627791563275,0.6802772115776601
1464,ftt,2,0.7769491525423728,0.6920248542694255
1464,ftt,3,0.8327118644067795,0.7021669394435353
1464,ftt,4,0.771080745341615,0.6802772115776601
1464,ftt,5,0.6563636363636364,0.6933271213091841
1464,ftt,6,0.6563636363636364,0.674982674982675
1464,ftt,7,0.7769491525423728,0.7303111111111112
1464,ftt,8,0.765936285936286,0.6884377564979479
1464,ftt,9,0.6563636363636364,0.7199999999999999
1464,ftt,10,0.8280000000000001,0.7253385817085922
1464,ftt,11,0.7706666666666666,0.699
1464,ftt,12,0.7235235732009925,0.6902857142857143
1464,ftt,13,0.7934731934731934,0.6483084907368294
1464,ftt,14,0.7335831381733021,0.7367693257425063
1464,ftt,15,0.6563636363636364,0.7160196399345337
1464,ftt,16,0.8398746081504702,0.699
1464,ftt,17,0.7631850117096018,0.6902857142857143
1464,ftt,18,0.7706666666666666,0.7089629211368341
1464,ftt,19,0.75424317617866,0.6583479918814196
1464,ftt,20,0.7641477272727273,0.7328110274984176
1464,ftt,21,0.8566666666666669,0.7474013402829487
1464,ftt,22,0.8107609005414648,0.6829083951207845
1464,ftt,23,0.8366734279918864,0.6768198757763976
1464,ftt,24,0.6447775175644027,0.6985423457777231
1464,ftt,25,0.7739837398373983,0.694306070105443
1464,ftt,26,0.752533485323454,0.6983001808318263
1464,ftt,27,0.6563636363636364,0.7263652802893309
1464,ftt,28,0.7648,0.7108624708624709
1464,ftt,29,0.7993333333333333,0.6783370700147333
1475,ftt,0,0.5813578757705269,0.5585321422114219
1475,ftt,1,0.5523144703784478,0.5499127839846308
1475,ftt,2,0.5276669025476954,0.5663796324556366
1475,ftt,3,0.5266733774077156,0.5576549301472571
1475,ftt,4,0.5684605000651844,0.5574175742594761
1475,ftt,5,0.5386213230108953,0.5569803679500833
1475,ftt,6,0.5502401860130971,0.5626319502902126
1475,ftt,7,0.5527291931572375,0.5424028078712146
1475,ftt,8,0.5570016118030625,0.5892961715690095
1475,ftt,9,0.5302350817344618,0.5606336032110463
1475,ftt,10,0.520236356791452,0.55700730119718
1475,ftt,11,0.5819249211686841,0.5578491473091378
1475,ftt,12,0.5439464114047908,0.552396745373952
1475,ftt,13,0.5736359258108384,0.5584573021068792
1475,ftt,14,0.5420111656701235,0.5807461640764676
1475,ftt,15,0.5460482137488979,0.5576790571866498
1475,ftt,16,0.5442465576327794,0.5402902459693697
1475,ftt,17,0.5237230264742728,0.5861258789540055
1475,ftt,18,0.5432924223701822,0.5515748883640986
1475,ftt,19,0.5242491859801671,0.5813450587558696
1475,ftt,20,0.5121185939341004,0.5878224500266436
1475,ftt,21,0.5392286672528335,0.5813205266572269
1475,ftt,22,0.5448885729214814,0.562647330829455
1475,ftt,23,0.5591257445703676,0.5418475048475331
1475,ftt,24,0.5420184636061677,0.5462336714564439
1475,ftt,25,0.48028232330032083,0.5595610660633858
1475,ftt,26,0.559673122938948,0.5557813305912063
1475,ftt,27,0.5524155449941781,0.5541443009236526
1475,ftt,28,0.5551448869394392,0.5614285116826264
1475,ftt,29,0.5323414868218984,0.5587381396432751
1487,ftt,0,0.9509437407280612,0.9394977492143485
1487,ftt,1,0.9329221052755611,0.9364252317759898
1487,ftt,2,0.9443459207238735,0.9268869369203818
1487,ftt,3,0.9392800799048483,0.935931921919369
1487,ftt,4,0.9463318740905713,0.934140237452983
1487,ftt,5,0.9560398072578116,0.918640087000029
1487,ftt,6,0.9327709036370454,0.9298912205144658
1487,ftt,7,0.937007874015748,0.9468872882685347
1487,ftt,8,0.9261450121609542,0.9343699639557628
1487,ftt,9,0.9475987142207288,0.9242350435310018
1487,ftt,10,0.9290241383761457,0.9387452996920453
1487,ftt,11,0.9215268014003901,0.9432106463151287
1487,ftt,12,0.9431599292766227,0.9313682518810723
1487,ftt,13,0.9270297824342204,0.9172708803396523
1487,ftt,14,0.9388651665908501,0.9223173704779056
1487,ftt,15,0.94804704494105,0.9284287790791725
1487,ftt,16,0.9380752393352746,0.9474959711646102
1487,ftt,17,0.9463318740905713,0.9387452996920453
1487,ftt,18,0.9241857811251855,0.9256422035759485
1487,ftt,19,0.9299385537363634,0.9242350435310018
1487,ftt,20,0.9443459207238735,0.9326388508980447
1487,ftt,21,0.9272215886389115,0.9239191572792507
1487,ftt,22,0.9331051009928107,0.9251215997947528
1487,ftt,23,0.9452723368256654,0.9155345861607026
1487,ftt,24,0.9319898945470048,0.9256192924831979
1487,ftt,25,0.9628451436011648,0.9478428872537487
1487,ftt,26,0.9241857811251855,0.9237120064742573
1487,ftt,27,0.9463318740905713,0.9430480609000204
1487,ftt,28,0.90874532076933,0.918401538524636
1487,ftt,29,0.9272215886389115,0.9256192924831979
1494,ftt,0,0.9056603773584906,0.8533309765537254
1494,ftt,1,0.7805779126533844,0.836694580813938
1494,ftt,2,0.9233567640892836,0.8465866444678822
1494,ftt,3,0.8568986386869898,0.8510632468094033
1494,ftt,4,0.8971656796584492,0.8281127108830605
1494,ftt,5,0.8827766445690974,0.8318456012364229
1494,ftt,6,0.8289586576060134,0.8685355366090137
1494,ftt,7,0.8579958272315547,0.8618045526401046
1494,ftt,8,0.8759788201953911,0.8663098862423805
1494,ftt,9,0.9062516166699923,0.8730508489479377
1494,ftt,10,0.8859724384040091,0.8452705728064359
1494,ftt,11,0.8658743371562462,0.8771897174203765
1494,ftt,12,0.8223770830464123,0.8763340487954787
1494,ftt,13,0.8579958272315547,0.8433255809697356
1494,ftt,14,0.7996580941617857,0.8672985781990521
1494,ftt,15,0.8965639067965064,0.8154809059869448
1494,ftt,16,0.8958636066364735,0.8730508489479377
1494,ftt,17,0.8859724384040091,0.8320336668345973
1494,ftt,18,0.8859724384040091,0.8472112985627205
1494,ftt,19,0.9245283018867925,0.8555504468180425
1494,ftt,20,0.8589507819952361,0.8497548989817298
1494,ftt,21,0.9056603773584906,0.8465866444678822
1494,ftt,22,0.8687522633379893,0.8538048323178737
1494,ftt,23,0.8312529100059862,0.8388625592417062
1494,ftt,24,0.850809042584263,0.8708253145750529
1494,ftt,25,0.8777573443958712,0.8999274346704205
1494,ftt,26,0.8679245283018868,0.838282986886395
1494,ftt,27,0.8669678448046771,0.8763340487954787
1494,ftt,28,0.9049770320033408,0.7972131545054375
1494,ftt,29,0.8364035385855368,0.847795752363666
1497,ftt,0,0.9689943424763547,0.974349215458638
1497,ftt,1,0.9890033741929477,0.9734263910725449
1497,ftt,2,0.9760908545604625,0.9725024210887286
1497,ftt,3,0.9853535122431424,0.9550382196085468
1497,ftt,4,0.9743689981916558,0.9707165149978342
1497,ftt,5,0.9780187654479634,0.9660624140385774
1497,ftt,6,0.9871835244837043,0.9835232555327518
1497,ftt,7,0.9743493801368889,0.9661409540237998
1497,ftt,8,0.9798369359388035,0.9641781448797306
1497,ftt,9,0.9780010393270765,0.9706193920987712
1497,ftt,10,0.9872025273357846,0.9477913715103786
1497,ftt,11,0.9780602931205342,0.9615671580674525
1497,ftt,12,0.9743196275729413,0.9688423360675298
1497,ftt,13,0.9780443866382521,0.9670593429686135
1497,ftt,14,0.9761665664509267,0.9725836141442957
1497,ftt,15,0.9725630874026505,0.9679418907114046
1497,ftt,16,0.9834960798945868,0.9789219531486493
1497,ftt,17,0.9761737317882827,0.9615140607364356
1497,ftt,18,0.9834803430216915,0.9624833413811598
1497,ftt,19,0.9780328665437328,0.9578307575596551
1497,ftt,20,0.9798534798534798,0.9761500943705468
1497,ftt,21,0.9798125879755385,0.9725848804676721
1497,ftt,22,0.989009958119735,0.9752859340175385
1497,ftt,23,0.9669333596841,0.9678479316776022
1497,ftt,24,0.9723854455909121,0.9625324857553405
1497,ftt,25,0.974434970702356,0.9661313562313564
1497,ftt,26,0.9853484099289571,0.9734536177269528
1497,ftt,27,0.9871136528332246,0.9670255435588047
1497,ftt,28,0.9817072966631297,0.9716105159410993
1497,ftt,29,0.9706986191683423,0.9697090779761818
1510,ftt,0,1.0,0.956244993396696
1510,ftt,1,1.0,0.9645092460881936
1510,ftt,2,1.0,0.9476097712345062
1510,ftt,3,0.9823623542652152,0.9824561403508771
1510,ftt,4,0.9825365904115021,0.9376836024305945
1510,ftt,5,0.9825365904115021,0.9473684210526315
1510,ftt,6,1.0,0.9647247085304307
1510,ftt,7,1.0,0.9554882874504246
1510,ftt,8,1.0,0.956244993396696
1510,ftt,9,1.0,0.9470870627956459
1510,ftt,10,0.9649122807017544,0.9825365904115021
1510,ftt,11,1.0,0.9557756825927252
1510,ftt,12,0.9823623542652152,0.9824561403508771
1510,ftt,13,1.0,0.9824561403508771
1510,ftt,14,1.0,0.9823623542652152
1510,ftt,15,1.0,0.9824561403508771
1510,ftt,16,0.9823623542652152,0.956244993396696
1510,ftt,17,1.0,0.9467638691322903
1510,ftt,18,1.0,0.9738579758273159
1510,ftt,19,0.9649122807017544,0.9734654095556352
1510,ftt,20,1.0,0.9823623542652152
1510,ftt,21,1.0,0.9647247085304307
1510,ftt,22,1.0,0.9738579758273159
1510,ftt,23,1.0,0.9650731808230041
1510,ftt,24,0.9649122807017544,0.9823623542652152
1510,ftt,25,0.9298245614035088,0.9649122807017544
1510,ftt,26,0.9823623542652152,0.9650731808230041
1510,ftt,27,1.0,0.9208492773270942
1510,ftt,28,1.0,0.9649122807017544
1510,ftt,29,0.9823623542652152,0.9912054752585661
4538,ftt,0,0.6170174486977297,0.6906892144029243
4538,ftt,1,0.5834360608869401,0.6973589628267305
4538,ftt,2,0.6229024195967192,0.685998625128673
4538,ftt,3,0.5871029260445509,0.6938444195841733
4538,ftt,4,0.6267687890046862,0.7089727868939294
4538,ftt,5,0.5976571370832398,0.6939295082312441
4538,ftt,6,0.5788397023326921,0.7145197600428189
4538,ftt,7,0.6206973710467055,0.6899184303222803
4538,ftt,8,0.6011933221504617,0.692630819219008
4538,ftt,9,0.6089422489240924,0.6912625801716114
4538,ftt,10,0.5766665590842456,0.7059826640831708
4538,ftt,11,0.6182694031946224,0.6954746427760841
4538,ftt,12,0.5880510162685313,0.6914710987838127
4538,ftt,13,0.5712625350566237,0.6889572674621242
4538,ftt,14,0.6161032150175004,0.6935895478388248
4538,ftt,15,0.5933052949668286,0.7060154702684368
4538,ftt,16,0.5864647098255544,0.7085305693578294
4538,ftt,17,0.5959062164904554,0.6910666135637186
4538,ftt,18,0.5965057226129811,0.6830174184734807
4538,ftt,19,0.6233314902783834,0.6891823347989432
4538,ftt,20,0.5718961537719618,0.6853327212874296
4538,ftt,21,0.5735818899085078,0.7040692376546958
4538,ftt,22,0.6323863567131827,0.6943994775059764
4538,ftt,23,0.5798017151630278,0.6721961691193388
4538,ftt,24,0.5779985337203473,0.6896548271965421
4538,ftt,25,0.5914318419814798,0.7016814038423245
4538,ftt,26,0.5515173114101359,0.6976194241730049
4538,ftt,27,0.5619201905367448,0.6960410001513716
4538,ftt,28,0.6185647965447545,0.7012228083371065
4538,ftt,29,0.6024794960000992,0.6837955974243876
40701,ftt,0,0.9587152632313922,0.9581632509304417
40701,ftt,1,0.9797565486398333,0.9517227121961829
40701,ftt,2,0.9714795751633987,0.9556819436509343
40701,ftt,3,0.9611685720402484,0.9493859478478571
40701,ftt,4,0.9528945815751149,0.9529844197028714
40701,ftt,5,0.9709007957559682,0.948379290049983
40701,ftt,6,0.9589907276550274,0.9582983188883364
40701,ftt,7,0.9554644070076331,0.9606325375773651
40701,ftt,8,0.9425870187170384,0.9554529312670508
40701,ftt,9,0.9645405530487101,0.9524971805006588
40701,ftt,10,0.969728523801168,0.9455596541786744
40701,ftt,11,0.9736008661011072,0.9470247912652537
40701,ftt,12,0.957081053307643,0.9507778442646408
40701,ftt,13,0.9614166504554642,0.9523446507515472
40701,ftt,14,0.9650260946483856,0.9417811123274505
40701,ftt,15,0.9671925821240219,0.9548796905759208
40701,ftt,16,0.9565024640061841,0.94966835952368
40701,ftt,17,0.9730729539085903,0.9633248554913293
40701,ftt,18,0.9674052287581699,0.9536206387044661
40701,ftt,19,0.9671925821240219,0.9517104253879126
40701,ftt,20,0.9609115175481957,0.9592498394348105
40701,ftt,21,0.9652560907728537,0.9557345566055866
40701,ftt,22,0.9687027450980391,0.9464329907773387
40701,ftt,23,0.9633308823529412,0.9580257525755816
40701,ftt,24,0.9691406717485757,0.9455070109956624
40701,ftt,25,0.9645405530487101,0.9544166224580017
40701,ftt,26,0.9578264501834296,0.956539973649539
40701,ftt,27,0.9611685720402484,0.9566743045355783
40701,ftt,28,0.9647877089573872,0.9515617875516998
40701,ftt,29,0.9551821895424837,0.9488961083726862
40975,ftt,0,1.0,1.0
40975,ftt,1,1.0,1.0
40975,ftt,2,1.0,1.0
40975,ftt,3,1.0,1.0
40975,ftt,4,1.0,1.0
40975,ftt,5,1.0,1.0
40975,ftt,6,1.0,1.0
40975,ftt,7,1.0,1.0
40975,ftt,8,1.0,1.0
40975,ftt,9,1.0,0.9942447142636622
40975,ftt,10,1.0,1.0
40975,ftt,11,1.0,1.0
40975,ftt,12,1.0,1.0
40975,ftt,13,1.0,1.0
40975,ftt,14,1.0,1.0
40975,ftt,15,1.0,0.9971502121544917
40975,ftt,16,1.0,1.0
40975,ftt,17,1.0,1.0
40975,ftt,18,1.0,1.0
40975,ftt,19,1.0,1.0
40975,ftt,20,1.0,1.0
40975,ftt,21,1.0,1.0
40975,ftt,22,1.0,1.0
40975,ftt,23,1.0,0.9971502121544917
40975,ftt,24,1.0,1.0
40975,ftt,25,1.0,1.0
40975,ftt,26,1.0,1.0
40975,ftt,27,1.0,1.0
40975,ftt,28,1.0,1.0
40975,ftt,29,1.0,1.0
40982,ftt,0,0.7834445648099493,0.7797949066033661
40982,ftt,1,0.7427741709592317,0.7628195940523426
40982,ftt,2,0.7973654251549945,0.7468336041448432
40982,ftt,3,0.7692566073883651,0.755045268407349
40982,ftt,4,0.7487085855250426,0.7340472868753944
40982,ftt,5,0.8178781323442502,0.7787678460468128
40982,ftt,6,0.7882435635922597,0.7860726902480407
40982,ftt,7,0.7711868462753787,0.8072856203020783
40982,ftt,8,0.7730703402498793,0.7811650572788954
40982,ftt,9,0.7685551535069733,0.7573892233159083
40982,ftt,10,0.8032107932182455,0.7488114820335108
40982,ftt,11,0.7759208691359254,0.775989672157444
40982,ftt,12,0.8145174218943515,0.7512750818550744
40982,ftt,13,0.7401540481107535,0.7652217347129888
40982,ftt,14,0.7385217019317432,0.7602338357287615
40982,ftt,15,0.7858183763410748,0.7579732309093833
40982,ftt,16,0.7394658614966922,0.7618949370451815
40982,ftt,17,0.708583694054601,0.7677799888049334
40982,ftt,18,0.7879420213972924,0.7514745334146306
40982,ftt,19,0.7321250791892824,0.7461606967580217
40982,ftt,20,0.8403107604015325,0.7881156683958732
40982,ftt,21,0.7979088993062274,0.7425803884660236
40982,ftt,22,0.7631538515709357,0.7629828866139655
40982,ftt,23,0.7545023972252596,0.7637790162710127
40982,ftt,24,0.7889770894316015,0.7749840687872376
40982,ftt,25,0.7802059140629567,0.74940523408048
40982,ftt,26,0.8012086318289972,0.7915939414670634
40982,ftt,27,0.7569935545336826,0.7704921456544671
40982,ftt,28,0.7629236968755584,0.7616717644340422
40982,ftt,29,0.7275651175993361,0.7720938295185663
1485,ftt,0,0.6296969696969695,0.5901284456631548
1485,ftt,1,0.6215429403202329,0.6065515399679544
1485,ftt,2,0.5615936792407381,0.5941572252368218
1485,ftt,3,0.6335832083958021,0.6230713472092783
1485,ftt,4,0.5321419707123355,0.5980754366695143
1485,ftt,5,0.3502030615432677,0.6652265005451792
1485,ftt,6,0.6234415826801045,0.6619299712083218
1485,ftt,7,0.6198830409356726,0.5999467384710984
1485,ftt,8,0.5819677199925793,0.6275223705551164
1485,ftt,9,0.6762333965844401,0.5897154753129179
1485,ftt,10,0.6999822474702645,0.7114701704545455
1485,ftt,11,0.6336996336996337,0.6414112203585887
1485,ftt,12,0.5944199313633729,0.6014971622777302
1485,ftt,13,0.6147787707231867,0.6441662875299148
1485,ftt,14,0.5922835670749749,0.6184179316888044
1485,ftt,15,0.6007216233543559,0.5976880717243889
1485,ftt,16,0.6142662156548573,0.6843866115971637
1485,ftt,17,0.609520775497201,0.5843140738108983
1485,ftt,18,0.350879533456576,0.5980397595931576
1485,ftt,19,0.5721036976642357,0.6048632218844984
1485,ftt,20,0.5892824594446807,0.6225185185185185
1485,ftt,21,0.6129963464690051,0.576522151149017
1485,ftt,22,0.6035089308631909,0.6224010432875413
1485,ftt,23,0.5846153846153846,0.6225185185185185
1485,ftt,24,0.5921814671814672,0.5838705375005556
1485,ftt,25,0.5181920903954802,0.5841995841995842
1485,ftt,26,0.44477298114199354,0.5708856496848993
1485,ftt,27,0.6698712134953745,0.6537642045454546
1485,ftt,28,0.5691831204026326,0.6662697220274597
1485,ftt,29,0.714962962962963,0.6222722960151802
151,ftt,0,0.8625656435504285,0.8736856106921304
151,ftt,1,0.8600866845582509,0.8670362684726326
151,ftt,2,0.8465549134994066,0.8763803005212131
151,ftt,3,0.8701715461742747,0.8702141343292631
151,ftt,4,0.8665224385243517,0.872095551102452
151,ftt,5,0.8645822317274429,0.860442740065243
151,ftt,6,0.8746152716599227,0.875468409390813
151,ftt,7,0.869666535426923,0.8697598245370884
151,ftt,8,0.8673046005153234,0.8750533517784956
151,ftt,9,0.8590196075326881,0.8712500412356251
151,ftt,10,0.8651946557057851,0.8617877954075398
151,ftt,11,0.8716394003335627,0.869161679326127
151,ftt,12,0.8607726104988628,0.8652627695228581
151,ftt,13,0.8595049630815821,0.8636849568310963
151,ftt,14,0.8706554968515131,0.8692946032851989
151,ftt,15,0.870498511967134,0.8707134986455193
151,ftt,16,0.8628729394620076,0.8668892654241426
151,ftt,17,0.8510646010611784,0.8646027937573102
151,ftt,18,0.8662566088763941,0.8679086990132303
151,ftt,19,0.8637296829546007,0.8680999572329805
151,ftt,20,0.8523332409177229,0.8614138252567743
151,ftt,21,0.8645158612406822,0.8749363772524393
151,ftt,22,0.853682445330209,0.8698396492007653
151,ftt,23,0.8631668275633073,0.8697307806034555
151,ftt,24,0.8574286622675752,0.8730639142062506
151,ftt,25,0.8573453925426062,0.8665126876656806
151,ftt,26,0.8672549718668011,0.868899608682428
151,ftt,27,0.8620870847742556,0.8672987837657423
151,ftt,28,0.8463846446113643,0.8693740527206953
151,ftt,29,0.8644180409032712,0.8708302561107812
1461,ftt,0,0.9080283489661769,0.8869387333960117
1461,ftt,1,0.9107873861158532,0.8882271435742743
1461,ftt,2,0.909679803169092,0.8865764915402403
1461,ftt,3,0.9086834993211488,0.8897546911661454
1461,ftt,4,0.9167997611367674,0.8852307669789481
1461,ftt,5,0.904888439255941,0.8911850665630765
1461,ftt,6,0.909787657697794,0.888925986376861
1461,ftt,7,0.906488889812744,0.8908400481925491
1461,ftt,8,0.9087403419079326,0.8914979476675863
1461,ftt,9,0.9010270295765028,0.8895811558627258
1461,ftt,10,0.9057258393693007,0.8889904143717702
1461,ftt,11,0.9025694826223589,0.8847582253564837
1461,ftt,12,0.9140872089396482,0.8875526214154977
1461,ftt,13,0.9062982945112191,0.8881229167990494
1461,ftt,14,0.9086834993211488,0.8887383591027205
1461,ftt,15,0.9070035743127687,0.8917178099028994
1461,ftt,16,0.8985985299703888,0.8917459399087934
1461,ftt,17,0.908166455894862,0.8879092797109903
1461,ftt,18,0.9140086878132404,0.8856146395152507
1461,ftt,19,0.9075853028671015,0.8868852769953904
1461,ftt,20,0.9019598423899092,0.8865573150676981
1461,ftt,21,0.9095173796279271,0.8920785866493536
1461,ftt,22,0.9082283947663633,0.8889756254011848
1461,ftt,23,0.9090603966967552,0.8929643187082748
1461,ftt,24,0.9088599507594158,0.8856492250518487
1461,ftt,25,0.9072438044148926,0.8863043010418931
1461,ftt,26,0.9045745192041595,0.8929652105106161
1461,ftt,27,0.9056676449184812,0.8933863919140124
1461,ftt,28,0.9128382870140392,0.8906175777471881
1461,ftt,29,0.9079180538732022,0.8903948319807851
3,ftt,0,1.0,0.9968745412282848
3,ftt,1,1.0,0.9953114331965377
3,ftt,2,0.9968745412282848,0.9953128095413957
3,ftt,3,1.0,0.996875
3,ftt,4,0.9968745412282848,0.9968753973843552
3,ftt,5,0.9968745412282848,0.9937507947687102
3,ftt,6,0.9937480419799499,1.0
3,ftt,7,0.9968753973843552,0.9953128095413957
3,ftt,8,1.0,0.9937507947687102
3,ftt,9,0.9937480419799499,0.996875
3,ftt,10,1.0,1.0
3,ftt,11,1.0,0.9984376031804653
3,ftt,12,1.0,0.9984376031804653
3,ftt,13,0.9906236236848545,0.996875
3,ftt,14,1.0,0.9968745412282848
3,ftt,15,0.9937514669065873,0.9968745412282848
3,ftt,16,1.0,0.996875
3,ftt,17,1.0,0.996875
3,ftt,18,0.9875029338131748,0.9984376031804653
3,ftt,19,0.99375,0.9953114331965377
3,ftt,20,1.0,0.9921857219942296
3,ftt,21,0.9968745412282848,0.9968745412282848
3,ftt,22,0.9906261921530651,0.9968745412282848
3,ftt,23,1.0,0.9968753973843552
3,ftt,24,0.9968745412282848,1.0
3,ftt,25,0.99375,1.0
3,ftt,26,0.9968745412282848,0.9937490824565696
3,ftt,27,1.0,0.9968745412282848
3,ftt,28,1.0,0.9921880159023262
3,ftt,29,1.0,0.9921889326975976
46,ftt,0,0.9373236235281533,0.9608030468023188
46,ftt,1,0.9654357490482722,0.959261574193204
46,ftt,2,0.9501281206530492,0.9596447180007374
46,ftt,3,0.9531970710981162,0.951756172197837
46,ftt,4,0.9591781595618444,0.9624950929124989
46,ftt,5,0.9497875375416022,0.9624589122000377
46,ftt,6,0.9623444236083166,0.957647919923244
46,ftt,7,0.949969203292998,0.9637643976638788
46,ftt,8,0.9530007710136951,0.9624222405470816
46,ftt,9,0.9471020250243541,0.9669687117437792
46,ftt,10,0.9686034508583613,0.9578018733371824
46,ftt,11,0.9625862729688783,0.9609408474370253
46,ftt,12,0.9686675467824318,0.9421162517229262
46,ftt,13,0.9590933442946712,0.9562996081203464
46,ftt,14,0.9598669877307647,0.9544363146946224
46,ftt,15,0.9749388424275415,0.9560163380048013
46,ftt,16,0.9433288805360538,0.9622476978315258
46,ftt,17,0.9593449698106382,0.9592476489028213
46,ftt,18,0.9719095283734722,0.9608198958803364
46,ftt,19,0.9593721389347967,0.9625267527925573
46,ftt,20,0.9843189622210722,0.9466292969073836
46,ftt,21,0.9623678394783828,0.9655875982546591
46,ftt,22,0.9687303017611547,0.9546476748663241
46,ftt,23,0.9376333533052642,0.9517341132816084
46,ftt,24,0.9343236935572758,0.9542439973546365
46,ftt,25,0.9623906421144163,0.943740656506614
46,ftt,26,0.9717687590872911,0.9534158746874313
46,ftt,27,0.9529768667503405,0.9329240029131696
46,ftt,28,0.9595365715834893,0.9423038136690624
46,ftt,29,0.9718919797173896,0.962284194467365
