,id,corruption,fold,test_score
0,4538,gbt,0,0.6522650325264747
1,4538,gbt,1,0.658591318194722
2,4538,gbt,2,0.6590345474355779
3,4538,gbt,3,0.6500020535387521
4,4538,gbt,4,0.6779551367470991
5,4538,gbt,5,0.6592051390291237
6,4538,gbt,6,0.6695378046152183
7,4538,gbt,7,0.6571170574650269
8,4538,gbt,8,0.6542720677581076
9,4538,gbt,9,0.6582405818173881
10,4538,gbt,10,0.6666601292493639
11,4538,gbt,11,0.6588975027439792
12,4538,gbt,12,0.6393031409078319
13,4538,gbt,13,0.6732172978354675
14,4538,gbt,14,0.664097172533075
15,4538,gbt,15,0.6610077116352344
16,4538,gbt,16,0.6574266807060211
17,4538,gbt,17,0.650456494566285
18,4538,gbt,18,0.660645596737504
19,4538,gbt,19,0.6600643656387761
20,4538,gbt,20,0.6454371035098652
21,4538,gbt,21,0.6686908978890405
22,4538,gbt,22,0.6458613265436617
23,4538,gbt,23,0.6453046833763705
24,4538,gbt,24,0.6600559655503913
25,4538,gbt,25,0.6628482158493845
26,4538,gbt,26,0.6645820346196114
27,4538,gbt,27,0.6741934657131062
28,4538,gbt,28,0.6615854113372797
29,4538,gbt,29,0.6454378048010238
0,40975,gbt,0,0.9800122672159809
1,40975,gbt,1,0.9739242911275706
2,40975,gbt,2,0.9714766168164862
3,40975,gbt,3,0.979157022184479
4,40975,gbt,4,0.9908920879201796
5,40975,gbt,5,0.9861348237394189
6,40975,gbt,6,0.9605413636646155
7,40975,gbt,7,0.9857613878311249
8,40975,gbt,8,0.9771732267403356
9,40975,gbt,9,0.9881534855224953
10,40975,gbt,10,0.9971502121544917
11,40975,gbt,11,0.982662942642325
12,40975,gbt,12,0.9745769079511706
13,40975,gbt,13,0.9908920879201796
14,40975,gbt,14,0.9711877262029179
15,40975,gbt,15,0.9825725036056575
16,40975,gbt,16,0.9882540657409371
17,40975,gbt,17,0.9770696107806303
18,40975,gbt,18,0.9777716983876292
19,40975,gbt,19,0.9799242433379405
20,40975,gbt,20,0.9855084610101517
21,40975,gbt,21,0.9851121434348902
22,40975,gbt,22,0.9859995015850019
23,40975,gbt,23,0.9881534855224953
24,40975,gbt,24,0.9971161578316885
25,40975,gbt,25,0.9740789346069494
26,40975,gbt,26,0.9886047750858165
27,40975,gbt,27,0.9914759795989702
28,40975,gbt,28,0.9405573020541077
29,40975,gbt,29,0.973574046288959
0,40701,gbt,0,0.9499202981651377
1,40701,gbt,1,0.9417811123274505
2,40701,gbt,2,0.9491479888849216
3,40701,gbt,3,0.9606325375773651
4,40701,gbt,4,0.942719337606122
5,40701,gbt,5,0.9295529619805482
6,40701,gbt,6,0.9498356555171585
7,40701,gbt,7,0.9497392104337473
8,40701,gbt,8,0.9577432485974025
9,40701,gbt,9,0.9448077970425011
10,40701,gbt,10,0.9465003721795241
11,40701,gbt,11,0.9521956338476051
12,40701,gbt,12,0.9451878275928167
13,40701,gbt,13,0.9481271771537841
14,40701,gbt,14,0.9534613630505046
15,40701,gbt,15,0.9542565882572823
16,40701,gbt,16,0.9472562114572386
17,40701,gbt,17,0.9449400500810136
18,40701,gbt,18,0.9388182857142856
19,40701,gbt,19,0.9350688941862527
20,40701,gbt,20,0.9548924706611673
21,40701,gbt,21,0.9357142636248252
22,40701,gbt,22,0.938770027432865
23,40701,gbt,23,0.9563358342455878
24,40701,gbt,24,0.9468852039620405
25,40701,gbt,25,0.9404233271532109
26,40701,gbt,26,0.9547281105990784
27,40701,gbt,27,0.9553747657561558
28,40701,gbt,28,0.9468852039620405
29,40701,gbt,29,0.9413624121727051
0,1497,gbt,0,0.997254684478252
1,1497,gbt,1,0.9954040908466115
2,1497,gbt,2,0.9990842738035084
3,1497,gbt,3,0.9963088606211674
4,1497,gbt,4,0.9990842738035084
5,1497,gbt,5,0.9981684709742297
6,1497,gbt,6,0.9944885349429087
7,1497,gbt,7,0.9981564815275222
8,1497,gbt,8,0.9972538608553784
9,1497,gbt,9,0.9954205413821077
10,1497,gbt,10,0.9990812723969987
11,1497,gbt,11,0.9972525713950078
12,1497,gbt,12,0.991717935049701
13,1497,gbt,13,0.9972519709225951
14,1497,gbt,14,0.9981685920967395
15,1497,gbt,15,0.9990850866542688
16,1497,gbt,16,0.9963251460426447
17,1497,gbt,17,0.9972399607839783
18,1497,gbt,18,0.9899099267010358
19,1497,gbt,19,0.9963087823536892
20,1497,gbt,20,0.9954076699004556
21,1497,gbt,21,1.0
22,1497,gbt,22,0.9954000202295545
23,1497,gbt,23,0.9953703006746574
24,1497,gbt,24,0.9944600137741644
25,1497,gbt,25,0.9972254588139492
26,1497,gbt,26,0.9963267619684536
27,1497,gbt,27,0.9972407588545635
28,1497,gbt,28,0.9972499603789705
29,1497,gbt,29,0.9935893658316772
0,469,gbt,0,0.20587369458653026
1,469,gbt,1,0.184832577936562
2,469,gbt,2,0.20500932609198327
3,469,gbt,3,0.2293964014833163
4,469,gbt,4,0.17401587600823784
5,469,gbt,5,0.1840570121702197
6,469,gbt,6,0.23717465045089767
7,469,gbt,7,0.16748679735051913
8,469,gbt,8,0.18945021718071925
9,469,gbt,9,0.18037013078646977
10,469,gbt,10,0.19991478537869023
11,469,gbt,11,0.21009437811812776
12,469,gbt,12,0.19770826370907496
13,469,gbt,13,0.24700745251987494
14,469,gbt,14,0.19201662464412897
15,469,gbt,15,0.18863040683886848
16,469,gbt,16,0.20446928140549359
17,469,gbt,17,0.1870518841088581
18,469,gbt,18,0.18259712221553953
19,469,gbt,19,0.16852176562994822
20,469,gbt,20,0.1792107233910338
21,469,gbt,21,0.17355992184385594
22,469,gbt,22,0.19509269969796286
23,469,gbt,23,0.18259339515955747
24,469,gbt,24,0.14405663603233934
25,469,gbt,25,0.20569650841731718
26,469,gbt,26,0.16267236529948398
27,469,gbt,27,0.22527640460694495
28,469,gbt,28,0.1959699615641711
29,469,gbt,29,0.22611509250164713
0,1464,gbt,0,0.7379766315189513
1,1464,gbt,1,0.7129506260335459
2,1464,gbt,2,0.7420000000000001
3,1464,gbt,3,0.7161382558237321
4,1464,gbt,4,0.74912
5,1464,gbt,5,0.7141784989858012
6,1464,gbt,6,0.7648
7,1464,gbt,7,0.6970940170940171
8,1464,gbt,8,0.703090909090909
9,1464,gbt,9,0.7779859484777518
10,1464,gbt,10,0.7594991731632412
11,1464,gbt,11,0.7483840749414519
12,1464,gbt,12,0.728466808410111
13,1464,gbt,13,0.7338171262699565
14,1464,gbt,14,0.75424317617866
15,1464,gbt,15,0.7483840749414519
16,1464,gbt,16,0.6826996758031241
17,1464,gbt,17,0.7431665583712367
18,1464,gbt,18,0.7670903391279567
19,1464,gbt,19,0.728490361706736
20,1464,gbt,20,0.7595238095238095
21,1464,gbt,21,0.7536326530612246
22,1464,gbt,22,0.7706666666666666
23,1464,gbt,23,0.6695571095571096
24,1464,gbt,24,0.7335831381733021
25,1464,gbt,25,0.7367693257425063
26,1464,gbt,26,0.728780487804878
27,1464,gbt,27,0.7161382558237321
28,1464,gbt,28,0.7161382558237321
29,1464,gbt,29,0.6891803278688524
0,23,gbt,0,0.574582220536655
1,23,gbt,1,0.5168654526275807
2,23,gbt,2,0.5066827279947403
3,23,gbt,3,0.5593811876733312
4,23,gbt,4,0.5370353304097637
5,23,gbt,5,0.5863175428969881
6,23,gbt,6,0.5362431811020522
7,23,gbt,7,0.5123261550041991
8,23,gbt,8,0.5207693652940192
9,23,gbt,9,0.5630399659649007
10,23,gbt,10,0.5393742789323083
11,23,gbt,11,0.5660507666993065
12,23,gbt,12,0.5424220250122667
13,23,gbt,13,0.5331109156452862
14,23,gbt,14,0.5829070075871501
15,23,gbt,15,0.491897629091294
16,23,gbt,16,0.6038030637350622
17,23,gbt,17,0.5267124305412719
18,23,gbt,18,0.5919724190702126
19,23,gbt,19,0.5355611250660175
20,23,gbt,20,0.5682337300170262
21,23,gbt,21,0.5245267444419986
22,23,gbt,22,0.5485935683843471
23,23,gbt,23,0.5150818929046462
24,23,gbt,24,0.5345926136121657
25,23,gbt,25,0.5818855287289977
26,23,gbt,26,0.5218182153366567
27,23,gbt,27,0.4915749931639533
28,23,gbt,28,0.5356934049001846
29,23,gbt,29,0.5088593696384204
0,1475,gbt,0,0.5937622695473687
1,1475,gbt,1,0.5684173066309492
2,1475,gbt,2,0.5965993416516595
3,1475,gbt,3,0.5819575244479072
4,1475,gbt,4,0.583450562221046
5,1475,gbt,5,0.5756547872848962
6,1475,gbt,6,0.6034944002362361
7,1475,gbt,7,0.5738294924748918
8,1475,gbt,8,0.6121356212339637
9,1475,gbt,9,0.5962556119167826
10,1475,gbt,10,0.5886877622884652
11,1475,gbt,11,0.599027223553122
12,1475,gbt,12,0.5736405894157551
13,1475,gbt,13,0.591860938898673
14,1475,gbt,14,0.60752437097055
15,1475,gbt,15,0.5940349392390885
16,1475,gbt,16,0.596959753805335
17,1475,gbt,17,0.5903305387925576
18,1475,gbt,18,0.6037187084576688
19,1475,gbt,19,0.6204968731023922
20,1475,gbt,20,0.6124083737189299
21,1475,gbt,21,0.6131719088974854
22,1475,gbt,22,0.5927741079700795
23,1475,gbt,23,0.5733500259671312
24,1475,gbt,24,0.5918173673069238
25,1475,gbt,25,0.5977762704486154
26,1475,gbt,26,0.5733971600734639
27,1475,gbt,27,0.590994651411372
28,1475,gbt,28,0.6085088920705931
29,1475,gbt,29,0.57707794223693
0,1067,gbt,0,0.7997942130207034
1,1067,gbt,1,0.8395393768276697
2,1067,gbt,2,0.8197859846791261
3,1067,gbt,3,0.8358261195883258
4,1067,gbt,4,0.821537263343424
5,1067,gbt,5,0.8425451517868578
6,1067,gbt,6,0.8430677252922184
7,1067,gbt,7,0.8171773895344244
8,1067,gbt,8,0.8563570904828786
9,1067,gbt,9,0.8666997103575291
10,1067,gbt,10,0.821537263343424
11,1067,gbt,11,0.8403123592890234
12,1067,gbt,12,0.8692315814973322
13,1067,gbt,13,0.8076442974927825
14,1067,gbt,14,0.8421700402464076
15,1067,gbt,15,0.8221013452056107
16,1067,gbt,16,0.8013878057072009
17,1067,gbt,17,0.8406869548991924
18,1067,gbt,18,0.8175122256904431
19,1067,gbt,19,0.8320481619059819
20,1067,gbt,20,0.8207286258438407
21,1067,gbt,21,0.8338507850790473
22,1067,gbt,22,0.8163026770846676
23,1067,gbt,23,0.8607781684757683
24,1067,gbt,24,0.8398687573732673
25,1067,gbt,25,0.8110541821442295
26,1067,gbt,26,0.828589556991914
27,1067,gbt,27,0.8241559828355604
28,1067,gbt,28,0.8465916199431895
29,1067,gbt,29,0.8074989501469793
0,40982,gbt,0,0.814098188811957
1,40982,gbt,1,0.7703178003488544
2,40982,gbt,2,0.7925156498703244
3,40982,gbt,3,0.776630049657449
4,40982,gbt,4,0.7849818965070798
5,40982,gbt,5,0.7604774442504072
6,40982,gbt,6,0.8172138266861141
7,40982,gbt,7,0.8196639200186209
8,40982,gbt,8,0.7929405560564292
9,40982,gbt,9,0.7827523132612304
10,40982,gbt,10,0.7934185041071079
11,40982,gbt,11,0.7970817812646768
12,40982,gbt,12,0.7607685757253682
13,40982,gbt,13,0.7937293434560188
14,40982,gbt,14,0.7750844275756443
15,40982,gbt,15,0.7747881587518869
16,40982,gbt,16,0.7506229302982842
17,40982,gbt,17,0.7610407225597103
18,40982,gbt,18,0.7831096334920482
19,40982,gbt,19,0.7988785744221352
20,40982,gbt,20,0.7829395317523506
21,40982,gbt,21,0.7325091900874652
22,40982,gbt,22,0.7258734570367649
23,40982,gbt,23,0.7677356144338272
24,40982,gbt,24,0.7866725844742786
25,40982,gbt,25,0.8270449974881041
26,40982,gbt,26,0.813001386654458
27,40982,gbt,27,0.8007035616127977
28,40982,gbt,28,0.7655464983918225
29,40982,gbt,29,0.7804103092597967
0,1068,gbt,0,0.9366302968198703
1,1068,gbt,1,0.9295161422820998
2,1068,gbt,2,0.909967521478313
3,1068,gbt,3,0.9069089694089693
4,1068,gbt,4,0.9387545919706114
5,1068,gbt,5,0.9107598164201938
6,1068,gbt,6,0.9295161422820998
7,1068,gbt,7,0.9260686796231821
8,1068,gbt,8,0.9227121369019542
9,1068,gbt,9,0.9295045045045045
10,1068,gbt,10,0.9227121369019542
11,1068,gbt,11,0.9227121369019542
12,1068,gbt,12,0.9049454452298054
13,1068,gbt,13,0.9279279279279279
14,1068,gbt,14,0.9289217274828786
15,1068,gbt,15,0.9078288014458227
16,1068,gbt,16,0.9260686796231821
17,1068,gbt,17,0.9330171853150269
18,1068,gbt,18,0.9078288014458227
19,1068,gbt,19,0.9155070624264936
20,1068,gbt,20,0.9186724718639611
21,1068,gbt,21,0.9194446244805955
22,1068,gbt,22,0.9260686796231821
23,1068,gbt,23,0.9330698623151453
24,1068,gbt,24,0.9330171853150269
25,1068,gbt,25,0.9471919140165586
26,1068,gbt,26,0.9049454452298054
27,1068,gbt,27,0.9295161422820998
28,1068,gbt,28,0.9186724718639611
29,1068,gbt,29,0.9130419160331915
0,1050,gbt,0,0.8747729123598319
1,1050,gbt,1,0.8670690747212215
2,1050,gbt,2,0.8785942492012779
3,1050,gbt,3,0.8570271909367713
4,1050,gbt,4,0.8718064290538436
5,1050,gbt,5,0.89437116367358
6,1050,gbt,6,0.8816691381378244
7,1050,gbt,7,0.8574068267253748
8,1050,gbt,8,0.8664006398330275
9,1050,gbt,9,0.8944288239266949
10,1050,gbt,10,0.8749763864271819
11,1050,gbt,11,0.8670917428274079
12,1050,gbt,12,0.8670690747212215
13,1050,gbt,13,0.8429847836681649
14,1050,gbt,14,0.8922560230339711
15,1050,gbt,15,0.8774862442314519
16,1050,gbt,16,0.8517078512421556
17,1050,gbt,17,0.8608202508601045
18,1050,gbt,18,0.8550527062878339
19,1050,gbt,19,0.8762846674312041
20,1050,gbt,20,0.8799754753156142
21,1050,gbt,21,0.8674066130868809
22,1050,gbt,22,0.8674066130868809
23,1050,gbt,23,0.874034888985426
24,1050,gbt,24,0.8821392116327833
25,1050,gbt,25,0.8785576728357528
26,1050,gbt,26,0.849942290289009
27,1050,gbt,27,0.8566138074533663
28,1050,gbt,28,0.8751254944350869
29,1050,gbt,29,0.8453077152680281
0,1049,gbt,0,0.9013975225002739
1,1049,gbt,1,0.8779850222356381
2,1049,gbt,2,0.8874715767289667
3,1049,gbt,3,0.9246575342465754
4,1049,gbt,4,0.9074272635916473
5,1049,gbt,5,0.9119671273510394
6,1049,gbt,6,0.9149592579218084
7,1049,gbt,7,0.9318666236236908
8,1049,gbt,8,0.9030743490536441
9,1049,gbt,9,0.8841398327699698
10,1049,gbt,10,0.8786431046157218
11,1049,gbt,11,0.8927747165101062
12,1049,gbt,12,0.916286983859881
13,1049,gbt,13,0.8771799262381454
14,1049,gbt,14,0.8620882052735408
15,1049,gbt,15,0.8995594638629797
16,1049,gbt,16,0.8927747165101062
17,1049,gbt,17,0.8609677993239637
18,1049,gbt,18,0.8821941997390592
19,1049,gbt,19,0.8874715767289667
20,1049,gbt,20,0.8713364580366161
21,1049,gbt,21,0.8686918104726322
22,1049,gbt,22,0.8881627104465126
23,1049,gbt,23,0.8844046364594308
24,1049,gbt,24,0.8966836263542327
25,1049,gbt,25,0.9297489521962764
26,1049,gbt,26,0.899587855067307
27,1049,gbt,27,0.8955093212483265
28,1049,gbt,28,0.9080770983567005
29,1049,gbt,29,0.9030743490536441
0,1487,gbt,0,0.9344813998204087
1,1487,gbt,1,0.9279903284661414
2,1487,gbt,2,0.9161318759115267
3,1487,gbt,3,0.9093713001185407
4,1487,gbt,4,0.9327909732350652
5,1487,gbt,5,0.9240372543723965
6,1487,gbt,6,0.9245866942393586
7,1487,gbt,7,0.9251215997947528
8,1487,gbt,8,0.9210674310389411
9,1487,gbt,9,0.9525619856428944
10,1487,gbt,10,0.9309340021590734
11,1487,gbt,11,0.9468295802699368
12,1487,gbt,12,0.9187263323734655
13,1487,gbt,13,0.9298014998075806
14,1487,gbt,14,0.927433151925978
15,1487,gbt,15,0.9251215997947528
16,1487,gbt,16,0.9213736336670564
17,1487,gbt,17,0.927433151925978
18,1487,gbt,18,0.9118785891096827
19,1487,gbt,19,0.9375916180039892
20,1487,gbt,20,0.9312861765350454
21,1487,gbt,21,0.9232581932781868
22,1487,gbt,22,0.9358672877191397
23,1487,gbt,23,0.9210674310389411
24,1487,gbt,24,0.9210674310389411
25,1487,gbt,25,0.9265472921581518
26,1487,gbt,26,0.9260007165990072
27,1487,gbt,27,0.9438411998460645
28,1487,gbt,28,0.9324377621379795
29,1487,gbt,29,0.917423931501975
0,1494,gbt,0,0.8489369564298779
1,1494,gbt,1,0.8718118389752382
2,1494,gbt,2,0.8690839881141753
3,1494,gbt,3,0.8702808923823835
4,1494,gbt,4,0.8391909536189023
5,1494,gbt,5,0.8593865057522623
6,1494,gbt,6,0.8949577677618703
7,1494,gbt,7,0.8456657499000212
8,1494,gbt,8,0.8141509501022096
9,1494,gbt,9,0.8713352731476834
10,1494,gbt,10,0.8438684589120302
11,1494,gbt,11,0.8503972833245809
12,1494,gbt,12,0.8538048323178737
13,1494,gbt,13,0.8839085412054852
14,1494,gbt,14,0.8668212833182078
15,1494,gbt,15,0.8427431116249466
16,1494,gbt,16,0.8421198289250647
17,1494,gbt,17,0.8586829592408536
18,1494,gbt,18,0.8548856765068565
19,1494,gbt,19,0.826660536181651
20,1494,gbt,20,0.8957345971563981
21,1494,gbt,21,0.8178216403056101
22,1494,gbt,22,0.8243347422994006
23,1494,gbt,23,0.8668212833182078
24,1494,gbt,24,0.8347364898945759
25,1494,gbt,25,0.9137049875131837
26,1494,gbt,26,0.8433255809697356
27,1494,gbt,27,0.8663098862423805
28,1494,gbt,28,0.8046202295946305
29,1494,gbt,29,0.8561749791886396
0,1063,gbt,0,0.7790611468093713
1,1063,gbt,1,0.8417927170868349
2,1063,gbt,2,0.826055452645048
3,1063,gbt,3,0.8300837563995458
4,1063,gbt,4,0.7441991950662471
5,1063,gbt,5,0.8082314744079451
6,1063,gbt,6,0.8500739027054817
7,1063,gbt,7,0.7748826533066683
8,1063,gbt,8,0.8255102040816326
9,1063,gbt,9,0.8295390883626176
10,1063,gbt,10,0.8220168067226891
11,1063,gbt,11,0.8341908410873929
12,1063,gbt,12,0.7333333333333333
13,1063,gbt,13,0.7794285714285715
14,1063,gbt,14,0.7794285714285715
15,1063,gbt,15,0.8134646962233169
16,1063,gbt,16,0.7802300695559121
17,1063,gbt,17,0.8844625850340136
18,1063,gbt,18,0.7827224627224627
19,1063,gbt,19,0.8336089176614505
20,1063,gbt,20,0.8061224489795918
21,1063,gbt,21,0.8341908410873929
22,1063,gbt,22,0.7748826533066683
23,1063,gbt,23,0.7824649859943977
24,1063,gbt,24,0.8615686274509803
25,1063,gbt,25,0.7790611468093713
26,1063,gbt,26,0.7904761904761904
27,1063,gbt,27,0.8300837563995458
28,1063,gbt,28,0.8161420500403551
29,1063,gbt,29,0.8134646962233169
0,1510,gbt,0,0.9650731808230041
1,1510,gbt,1,0.9557756825927252
2,1510,gbt,2,0.9380859556298152
3,1510,gbt,3,0.9212409881140532
4,1510,gbt,4,0.9122807017543859
5,1510,gbt,5,0.9118117713260766
6,1510,gbt,6,0.9470870627956459
7,1510,gbt,7,0.9198789174107642
8,1510,gbt,8,0.9298245614035088
9,1510,gbt,9,0.9294494170608614
10,1510,gbt,10,0.9647247085304307
11,1510,gbt,11,0.9554882874504246
12,1510,gbt,12,0.9390019435970703
13,1510,gbt,13,0.9560273762928301
14,1510,gbt,14,0.9384383268099622
15,1510,gbt,15,0.9734654095556352
16,1510,gbt,16,0.9473684210526315
17,1510,gbt,17,0.9649122807017544
18,1510,gbt,18,0.9824561403508771
19,1510,gbt,19,0.9122807017543859
20,1510,gbt,20,0.9649122807017544
21,1510,gbt,21,0.9470870627956459
22,1510,gbt,22,0.9390019435970703
23,1510,gbt,23,0.9476097712345062
24,1510,gbt,24,0.9470870627956459
25,1510,gbt,25,0.9557756825927252
26,1510,gbt,26,0.9473684210526315
27,1510,gbt,27,0.9473684210526315
28,1510,gbt,28,0.9470870627956459
29,1510,gbt,29,0.956244993396696
0,458,gbt,0,0.9822005962358249
1,458,gbt,1,0.9880805370771926
2,458,gbt,2,0.9822337724435627
3,458,gbt,3,0.9880477304448683
4,458,gbt,4,0.9881382894575169
5,458,gbt,5,0.9818047498790274
6,458,gbt,6,0.9940804879569156
7,458,gbt,7,0.9640625491802485
8,458,gbt,8,0.9821764401370842
9,458,gbt,9,0.9880680319675138
10,458,gbt,10,1.0
11,458,gbt,11,0.9706185427043865
12,458,gbt,12,0.9881885487236658
13,458,gbt,13,0.9822487055981908
14,458,gbt,14,0.9580269886743955
15,458,gbt,15,0.9821536615037232
16,458,gbt,16,0.9821305706815546
17,458,gbt,17,0.9569530894699464
18,458,gbt,18,0.9762250894903421
19,458,gbt,19,0.9940844063479187
20,458,gbt,20,0.982149306092968
21,458,gbt,21,0.9525667966865747
22,458,gbt,22,0.9525222090886394
23,458,gbt,23,0.9759074515993653
24,458,gbt,24,0.9762849540257172
25,458,gbt,25,0.976265062237913
26,458,gbt,26,0.970092671718474
27,458,gbt,27,0.9700901662440125
28,458,gbt,28,0.988184054707971
29,458,gbt,29,0.9762192078061248
0,1485,gbt,0,0.8363635690512419
1,1485,gbt,1,0.7884584091480643
2,1485,gbt,2,0.7575165430563574
3,1485,gbt,3,0.7555079208177379
4,1485,gbt,4,0.784535701072882
5,1485,gbt,5,0.8192066991167462
6,1485,gbt,6,0.8319308999721371
7,1485,gbt,7,0.7843569958085871
8,1485,gbt,8,0.8268821022727274
9,1485,gbt,9,0.7884490206521095
10,1485,gbt,10,0.8672679315919339
11,1485,gbt,11,0.7729560120774377
12,1485,gbt,12,0.828830328247804
13,1485,gbt,13,0.7865313564430769
14,1485,gbt,14,0.821137309292649
15,1485,gbt,15,0.8324189969587974
16,1485,gbt,16,0.8345933630217041
17,1485,gbt,17,0.8261799705843027
18,1485,gbt,18,0.7959606728263443
19,1485,gbt,19,0.7708479145604894
20,1485,gbt,20,0.7824018012213051
21,1485,gbt,21,0.8422983608497544
22,1485,gbt,22,0.8403131578850004
23,1485,gbt,23,0.8172259036033136
24,1485,gbt,24,0.8209624931972412
25,1485,gbt,25,0.8134056429625739
26,1485,gbt,26,0.8153818843474016
27,1485,gbt,27,0.8211478932360915
28,1485,gbt,28,0.8288404569678726
29,1485,gbt,29,0.8302771348881373
0,4134,gbt,0,0.8081194980954437
1,4134,gbt,1,0.7824266840710717
2,4134,gbt,2,0.8094714805259847
3,4134,gbt,3,0.788649218686129
4,4134,gbt,4,0.7867342374663086
5,4134,gbt,5,0.7879075720258698
6,4134,gbt,6,0.7814628393813137
7,4134,gbt,7,0.7949400798934754
8,4134,gbt,8,0.7891370694877667
9,4134,gbt,9,0.8058300139225573
10,4134,gbt,10,0.7707828818904654
11,4134,gbt,11,0.7934830732973961
12,4134,gbt,12,0.7957747402630305
13,4134,gbt,13,0.7908714435067438
14,4134,gbt,14,0.8136603798470184
15,4134,gbt,15,0.7892747441996856
16,4134,gbt,16,0.7947317035613218
17,4134,gbt,17,0.7782189997131478
18,4134,gbt,18,0.766564937764322
19,4134,gbt,19,0.7709720372836218
20,4134,gbt,20,0.7890635773045049
21,4134,gbt,21,0.7991722274930203
22,4134,gbt,22,0.806312576028976
23,4134,gbt,23,0.7933077249372412
24,4134,gbt,24,0.7915793009352475
25,4134,gbt,25,0.8103553786773559
26,4134,gbt,26,0.778855509791879
27,4134,gbt,27,0.8098704317727563
28,4134,gbt,28,0.7745684256124025
29,4134,gbt,29,0.7902832719762016
0,40994,gbt,0,0.9453707212327901
1,40994,gbt,1,0.9412500000000001
2,40994,gbt,2,0.9313725490196079
3,40994,gbt,3,0.9020833333333333
4,40994,gbt,4,0.9235190097259064
5,40994,gbt,5,0.9235190097259064
6,40994,gbt,6,0.9235190097259064
7,40994,gbt,7,0.9084967320261439
8,40994,gbt,8,0.9156688839615668
9,40994,gbt,9,0.9412500000000001
10,40994,gbt,10,0.9160773220179161
11,40994,gbt,11,0.8409176240895098
12,40994,gbt,12,0.9216666666666666
13,40994,gbt,13,0.8741159830268741
14,40994,gbt,14,0.9156688839615668
15,40994,gbt,15,0.9714750221696717
16,40994,gbt,16,0.9084967320261439
17,40994,gbt,17,0.9608333333333333
18,40994,gbt,18,0.8741159830268741
19,40994,gbt,19,0.9156688839615668
20,40994,gbt,20,0.9005699528007837
21,40994,gbt,21,0.9216666666666666
22,40994,gbt,22,0.9494195688225538
23,40994,gbt,23,0.9084967320261439
24,40994,gbt,24,0.9291873963515753
25,40994,gbt,25,0.9235190097259064
26,40994,gbt,26,0.937057991513437
27,40994,gbt,27,0.8977346278317152
28,40994,gbt,28,0.9016672982190224
29,40994,gbt,29,0.8915742793791575
0,1480,gbt,0,0.6395228702921011
1,1480,gbt,1,0.6340309200603319
2,1480,gbt,2,0.6321263571263571
3,1480,gbt,3,0.6015779092702169
4,1480,gbt,4,0.639377010326731
5,1480,gbt,5,0.7074716874773731
6,1480,gbt,6,0.6933573249362723
7,1480,gbt,7,0.6457423235201013
8,1480,gbt,8,0.6457423235201013
9,1480,gbt,9,0.6995179178573584
10,1480,gbt,10,0.6812852789659214
11,1480,gbt,11,0.6707743653926381
12,1480,gbt,12,0.6651630856432056
13,1480,gbt,13,0.6448607394191695
14,1480,gbt,14,0.6582186582186582
15,1480,gbt,15,0.6578704969766421
16,1480,gbt,16,0.6648918780066322
17,1480,gbt,17,0.6445961664896577
18,1480,gbt,18,0.6972793829936688
19,1480,gbt,19,0.639377010326731
20,1480,gbt,20,0.6630730091925454
21,1480,gbt,21,0.7064109423659984
22,1480,gbt,22,0.6880616262638736
23,1480,gbt,23,0.7016777461221905
24,1480,gbt,24,0.6365557329264332
25,1480,gbt,25,0.6875316183187954
26,1480,gbt,26,0.6564417383382901
27,1480,gbt,27,0.6480067037757625
28,1480,gbt,28,0.6610276058551922
29,1480,gbt,29,0.6084361998724175
0,11,gbt,0,0.8586585162545152
1,11,gbt,1,0.8820711576824428
2,11,gbt,2,0.8714588279630675
3,11,gbt,3,0.834
4,11,gbt,4,0.8623058823529411
5,11,gbt,5,0.8356669213139801
6,11,gbt,6,0.8436484983314794
7,11,gbt,7,0.8662650736315642
8,11,gbt,8,0.8507763267574325
9,11,gbt,9,0.8457649667405764
10,11,gbt,10,0.8055126050420167
11,11,gbt,11,0.8586666666666667
12,11,gbt,12,0.8466393162393162
13,11,gbt,13,0.79304668450788
14,11,gbt,14,0.8502634256642171
15,11,gbt,15,0.8698982765868011
16,11,gbt,16,0.828087554721701
17,11,gbt,17,0.8617134545454546
18,11,gbt,18,0.8358824265165729
19,11,gbt,19,0.8284444444444444
20,11,gbt,20,0.8504180790960452
21,11,gbt,21,0.8585333333333334
22,11,gbt,22,0.8510666666666667
23,11,gbt,23,0.8638522705860183
24,11,gbt,24,0.8512513368983957
25,11,gbt,25,0.8512220137585992
26,11,gbt,26,0.836214504028897
27,11,gbt,27,0.8739973609278422
28,11,gbt,28,0.8389071038251366
29,11,gbt,29,0.8509333333333334
0,37,gbt,0,0.7672901261418008
1,37,gbt,1,0.7330181339397928
2,37,gbt,2,0.7448082577799559
3,37,gbt,3,0.7568387094790126
4,37,gbt,4,0.6993530030179245
5,37,gbt,5,0.7158842350729407
6,37,gbt,6,0.7800071488144884
7,37,gbt,7,0.7448082577799559
8,37,gbt,8,0.7142857142857143
9,37,gbt,9,0.7611576241017866
10,37,gbt,10,0.7748416774965448
11,37,gbt,11,0.6836952319185822
12,37,gbt,12,0.7640300875594993
13,37,gbt,13,0.7627626513977172
14,37,gbt,14,0.7657648454052421
15,37,gbt,15,0.706511175898931
16,37,gbt,16,0.7554767899150163
17,37,gbt,17,0.7722306056801803
18,37,gbt,18,0.7422593190996117
19,37,gbt,19,0.7364029459974635
20,37,gbt,20,0.7865535824719498
21,37,gbt,21,0.6974015696780138
22,37,gbt,22,0.8083466731766344
23,37,gbt,23,0.7406947119865779
24,37,gbt,24,0.7759425040978439
25,37,gbt,25,0.7232230932973366
26,37,gbt,26,0.7495827986975903
27,37,gbt,27,0.7450067174205105
28,37,gbt,28,0.7568387094790126
29,37,gbt,29,0.8164678458796105
0,54,gbt,0,0.691308388809119
1,54,gbt,1,0.7360662844149501
2,54,gbt,2,0.7380376514860105
3,54,gbt,3,0.772690092458764
4,54,gbt,4,0.7578338568218391
5,54,gbt,5,0.7034088025044893
6,54,gbt,6,0.7196543821290271
7,54,gbt,7,0.7067995195755085
8,54,gbt,8,0.7346132098978398
9,54,gbt,9,0.7554527049952604
10,54,gbt,10,0.7696220625079679
11,54,gbt,11,0.7635348115149675
12,54,gbt,12,0.7156978695617681
13,54,gbt,13,0.7926382539159599
14,54,gbt,14,0.7858682776118017
15,54,gbt,15,0.7565433726597123
16,54,gbt,16,0.7611573335931782
17,54,gbt,17,0.7532801849097182
18,54,gbt,18,0.6401212698339221
19,54,gbt,19,0.7553030512118417
20,54,gbt,20,0.7009145716260927
21,54,gbt,21,0.7023244175526001
22,54,gbt,22,0.7626058693519602
23,54,gbt,23,0.7283355722125591
24,54,gbt,24,0.7187979793570055
25,54,gbt,25,0.7306493111691469
26,54,gbt,26,0.6977622858737411
27,54,gbt,27,0.7254819675264176
28,54,gbt,28,0.7596682388449102
29,54,gbt,29,0.7358468926626097
0,50,gbt,0,0.9895457551707553
1,50,gbt,1,0.9948004982894542
2,50,gbt,2,0.9843473848965042
3,50,gbt,3,0.9790101958409044
4,50,gbt,4,0.9741609773405765
5,50,gbt,5,0.994782461632168
6,50,gbt,6,0.994782461632168
7,50,gbt,7,0.9528661783785415
8,50,gbt,8,0.9895457551707553
9,50,gbt,9,0.9895457551707553
10,50,gbt,10,0.9842887261261805
11,50,gbt,11,1.0
12,50,gbt,12,0.9895833333333334
13,50,gbt,13,0.9685152937613567
14,50,gbt,14,0.9843473848965042
15,50,gbt,15,0.9843473848965042
16,50,gbt,16,0.9895457551707553
17,50,gbt,17,0.9842887261261805
18,50,gbt,18,0.9895457551707553
19,50,gbt,19,0.9895833333333334
20,50,gbt,20,0.9895833333333334
21,50,gbt,21,0.9842887261261805
22,50,gbt,22,0.9895457551707553
23,50,gbt,23,0.9895457551707553
24,50,gbt,24,0.9895457551707553
25,50,gbt,25,0.9475254896022612
26,50,gbt,26,0.9790101958409044
27,50,gbt,27,0.9685152937613567
28,50,gbt,28,0.9738145435436341
29,50,gbt,29,0.9895457551707553
0,31,gbt,0,0.7136402300023816
1,31,gbt,1,0.7778128701144886
2,31,gbt,2,0.6894977168949772
3,31,gbt,3,0.7375616631430586
4,31,gbt,4,0.7503289473684212
5,31,gbt,5,0.6956902802736531
6,31,gbt,6,0.7375259875259875
7,31,gbt,7,0.7437288135593221
8,31,gbt,8,0.682213878459185
9,31,gbt,9,0.7332687651331719
10,31,gbt,10,0.7559376096456254
11,31,gbt,11,0.747268198871339
12,31,gbt,12,0.7202865252061089
13,31,gbt,13,0.7312542904775914
14,31,gbt,14,0.7150883048254763
15,31,gbt,15,0.7095283146371132
16,31,gbt,16,0.752232846485237
17,31,gbt,17,0.7375259875259875
18,31,gbt,18,0.7370045890696705
19,31,gbt,19,0.7394429469901168
20,31,gbt,20,0.7676703752849511
21,31,gbt,21,0.6389818181818182
22,31,gbt,22,0.7678993663104134
23,31,gbt,23,0.7575837825908761
24,31,gbt,24,0.7418029463441005
25,31,gbt,25,0.6688970429527303
26,31,gbt,26,0.6956902802736531
27,31,gbt,27,0.6976339661460769
28,31,gbt,28,0.7316129032258064
29,31,gbt,29,0.674342105263158
0,46,gbt,0,0.9498978166732247
1,46,gbt,1,0.9562218759891291
2,46,gbt,2,0.9626680488110001
3,46,gbt,3,0.9656937366337067
4,46,gbt,4,0.9578340675566657
5,46,gbt,5,0.9531407482672234
6,46,gbt,6,0.9624100895509221
7,46,gbt,7,0.9702844497646103
8,46,gbt,8,0.9672666822510609
9,46,gbt,9,0.9609586043073505
10,46,gbt,10,0.9656955975937654
11,46,gbt,11,0.9625963358014289
12,46,gbt,12,0.9579422589268092
13,46,gbt,13,0.9610349742504365
14,46,gbt,14,0.9609157337972152
15,46,gbt,15,0.9560859292957786
16,46,gbt,16,0.9639738932339764
17,46,gbt,17,0.9781344979529104
18,46,gbt,18,0.9625670162353395
19,46,gbt,19,0.962530794373928
20,46,gbt,20,0.9547768711058505
21,46,gbt,21,0.968767861134164
22,46,gbt,22,0.9595298212949689
23,46,gbt,23,0.9626323791150581
24,46,gbt,24,0.9608887049765767
25,46,gbt,25,0.9408494293220357
26,46,gbt,26,0.9689090304457951
27,46,gbt,27,0.9454331886661287
28,46,gbt,28,0.9516766899709685
29,46,gbt,29,0.9671715676645124
