dataset,corruption,npairs,patience,fold,test_score,z_score_LR,p_score_LR,z_score_GBT,p_score_GBT,avg_loss_time
1485,pass,loss=cluster-simclr-case2,9999,0,0.570784812385669,0,0,0,0,0.0019733399323054
1485,pass,loss=cluster-simclr-case2,9999,1,0.5882422591912855,0,0,0,0,0.0020432439191
1485,pass,loss=cluster-simclr-case2,9999,2,0.5955555555555555,0,0,0,0,0.0020407289436885
1485,pass,loss=cluster-simclr-case2,9999,3,0.5505251169502781,0,0,0,0,0.0020380495786666
1485,pass,loss=cluster-simclr-case2,9999,4,0.5870871985157698,0,0,0,0,0.0020377608197075
1485,pass,loss=cluster-simclr-case2,9999,5,0.6,0,0,0,0,0.0020497263329369
1485,pass,loss=cluster-simclr-case2,9999,6,0.5828342643069564,0,0,0,0,0.0015254946265901
1485,pass,loss=cluster-simclr-case2,9999,7,0.6015915610252613,0,0,0,0,0.0014492206743785
1485,pass,loss=cluster-simclr-case2,9999,8,0.6038461538461538,0,0,0,0,0.0014380248785018
1485,pass,loss=cluster-simclr-case2,9999,9,0.547583991433543,0,0,0,0,0.0014507443564278
1485,pass,loss=cluster-simclr-case2,9999,10,0.5979564884451332,0,0,0,0,0.0015850043978009
1485,pass,loss=cluster-simclr-case2,9999,11,0.5917037037037038,0,0,0,0,0.0020666479042598
1485,pass,loss=cluster-simclr-case2,9999,12,0.5557675878978842,0,0,0,0,0.0020407477276665
1485,pass,loss=cluster-simclr-case2,9999,13,0.5595355667262188,0,0,0,0,0.0020457337072917
1485,pass,loss=cluster-simclr-case2,9999,14,0.5887282732602828,0,0,0,0,0.0020288445268358
1485,pass,loss=cluster-simclr-case2,9999,15,0.5980754366695143,0,0,0,0,0.0020504068647112
1485,pass,loss=cluster-simclr-case2,9999,16,0.5595746648173833,0,0,0,0,0.0019197197982243
1485,pass,loss=cluster-simclr-case2,9999,17,0.5595355667262188,0,0,0,0,0.0014507009472165
1485,pass,loss=cluster-simclr-case2,9999,18,0.5994074074074074,0,0,0,0,0.001420755641801
1485,pass,loss=cluster-simclr-case2,9999,19,0.5633824176718414,0,0,0,0,0.0014305092436926
1485,pass,loss=cluster-simclr-case2,9999,20,0.5477005644489684,0,0,0,0,0.0014536015135901
1485,pass,loss=cluster-simclr-case2,9999,21,0.5997868687466699,0,0,0,0,0.001429796218872
1485,pass,loss=cluster-simclr-case2,9999,22,0.6208333333333333,0,0,0,0,0.0013604556832994
1485,pass,loss=cluster-simclr-case2,9999,23,0.5974203490159616,0,0,0,0,0.0013645210266113
1485,pass,loss=cluster-simclr-case2,9999,24,0.5818743029076855,0,0,0,0,0.0013649450710841
1485,pass,loss=cluster-simclr-case2,9999,25,0.5859857279874389,0,0,0,0,0.0013603006260735
1485,pass,loss=cluster-simclr-case2,9999,26,0.59375,0,0,0,0,0.001359520809991
1485,pass,loss=cluster-simclr-case2,9999,27,0.5557932581598847,0,0,0,0,0.0013625853402273
1485,pass,loss=cluster-simclr-case2,9999,28,0.6038402934954659,0,0,0,0,0.001363871046475
1485,pass,loss=cluster-simclr-case2,9999,29,0.5651530400805163,0,0,0,0,0.0013670190743037
1049,pass,loss=cluster-simclr-case2,9999,0,0.912771702990106,0,0,0,0,0.0019982303891863
1049,pass,loss=cluster-simclr-case2,9999,1,0.9178082191780822,0,0,0,0,0.0021630740506308
1049,pass,loss=cluster-simclr-case2,9999,2,0.888835017491285,0,0,0,0,0.0021144981724875
1049,pass,loss=cluster-simclr-case2,9999,3,0.9178082191780822,0,0,0,0,0.0021450045789991
1049,pass,loss=cluster-simclr-case2,9999,4,0.9293086094141076,0,0,0,0,0.0021456499780927
1049,pass,loss=cluster-simclr-case2,9999,5,0.917985987660776,0,0,0,0,0.0021354298251015
1049,pass,loss=cluster-simclr-case2,9999,6,0.9034197274450172,0,0,0,0,0.0022104470729827
1049,pass,loss=cluster-simclr-case2,9999,7,0.9287902027628056,0,0,0,0,0.0021619822638375
1049,pass,loss=cluster-simclr-case2,9999,8,0.9069732018643948,0,0,0,0,0.0022009669031415
1049,pass,loss=cluster-simclr-case2,9999,9,0.8944588907058413,0,0,0,0,0.0021784600870949
1049,pass,loss=cluster-simclr-case2,9999,10,0.884906824632852,0,0,0,0,0.002166781425476
1049,pass,loss=cluster-simclr-case2,9999,11,0.9167939570689958,0,0,0,0,0.0021362095900944
1049,pass,loss=cluster-simclr-case2,9999,12,0.921669223039086,0,0,0,0,0.0021551721777234
1049,pass,loss=cluster-simclr-case2,9999,13,0.9119875717780632,0,0,0,0,0.0021307897908346
1049,pass,loss=cluster-simclr-case2,9999,14,0.9119671273510394,0,0,0,0,0.0021829698426382
1049,pass,loss=cluster-simclr-case2,9999,15,0.9207549497363364,0,0,0,0,0.0021499122892107
1049,pass,loss=cluster-simclr-case2,9999,16,0.8860643244204888,0,0,0,0,0.0022114989076341
1049,pass,loss=cluster-simclr-case2,9999,17,0.8946367333170923,0,0,0,0,0.0021787799426487
1049,pass,loss=cluster-simclr-case2,9999,18,0.897294981909546,0,0,0,0,0.0021767839704241
1049,pass,loss=cluster-simclr-case2,9999,19,0.9029262832471616,0,0,0,0,0.0021679477351052
1049,pass,loss=cluster-simclr-case2,9999,20,0.8984921556270522,0,0,0,0,0.0021802057538713
1049,pass,loss=cluster-simclr-case2,9999,21,0.915709386653674,0,0,0,0,0.0021958434922354
1049,pass,loss=cluster-simclr-case2,9999,22,0.9029262832471616,0,0,0,0,0.0021362736225128
1049,pass,loss=cluster-simclr-case2,9999,23,0.8876125155382317,0,0,0,0,0.0022043614387512
1049,pass,loss=cluster-simclr-case2,9999,24,0.888835017491285,0,0,0,0,0.0021715823241642
1049,pass,loss=cluster-simclr-case2,9999,25,0.9422023182297156,0,0,0,0,0.0021400558607918
1049,pass,loss=cluster-simclr-case2,9999,26,0.9129515353479156,0,0,0,0,0.0021100195816584
1049,pass,loss=cluster-simclr-case2,9999,27,0.9080770983567004,0,0,0,0,0.0021638376712799
1049,pass,loss=cluster-simclr-case2,9999,28,0.8944588907058413,0,0,0,0,0.0021623762335096
1049,pass,loss=cluster-simclr-case2,9999,29,0.9086851688748132,0,0,0,0,0.0021896380356379
1067,pass,loss=cluster-simclr-case2,9999,0,0.828589556991914,0,0,0,0,0.0057329973090778
1067,pass,loss=cluster-simclr-case2,9999,1,0.8488735304034684,0,0,0,0,0.0057406824285333
1067,pass,loss=cluster-simclr-case2,9999,2,0.8297016943493476,0,0,0,0,0.0057968249971216
1067,pass,loss=cluster-simclr-case2,9999,3,0.8296036248036396,0,0,0,0,0.0057849616570906
1067,pass,loss=cluster-simclr-case2,9999,4,0.8403123592890234,0,0,0,0,0.0057674925544045
1067,pass,loss=cluster-simclr-case2,9999,5,0.8195346313254281,0,0,0,0,0.0057752027294852
1067,pass,loss=cluster-simclr-case2,9999,6,0.8171773895344244,0,0,0,0,0.0057829497077248
1067,pass,loss=cluster-simclr-case2,9999,7,0.8277827843386795,0,0,0,0,0.0058771400668404
1067,pass,loss=cluster-simclr-case2,9999,8,0.847344793025214,0,0,0,0,0.0058031272888183
1067,pass,loss=cluster-simclr-case2,9999,9,0.8415550354585852,0,0,0,0,0.0058708852204409
1067,pass,loss=cluster-simclr-case2,9999,10,0.8035268384708879,0,0,0,0,0.0056357425993139
1067,pass,loss=cluster-simclr-case2,9999,11,0.8403123592890234,0,0,0,0,0.0058769431547685
1067,pass,loss=cluster-simclr-case2,9999,12,0.8498659499753489,0,0,0,0,0.0057017014676874
1067,pass,loss=cluster-simclr-case2,9999,13,0.8338313149684949,0,0,0,0,0.0058460785475644
1067,pass,loss=cluster-simclr-case2,9999,14,0.8363158220638451,0,0,0,0,0.0056902031681754
1067,pass,loss=cluster-simclr-case2,9999,15,0.839340560529146,0,0,0,0,0.0058387409773739
1067,pass,loss=cluster-simclr-case2,9999,16,0.812843100263248,0,0,0,0,0.0057325741160999
1067,pass,loss=cluster-simclr-case2,9999,17,0.8308012281506396,0,0,0,0,0.0058991473371332
1067,pass,loss=cluster-simclr-case2,9999,18,0.8343405419996789,0,0,0,0,0.0056245939298109
1067,pass,loss=cluster-simclr-case2,9999,19,0.8326339735122379,0,0,0,0,0.0058094024441458
1067,pass,loss=cluster-simclr-case2,9999,20,0.8609172161549558,0,0,0,0,0.0057353845726359
1067,pass,loss=cluster-simclr-case2,9999,21,0.8344720926663926,0,0,0,0,0.0057269315719604
1067,pass,loss=cluster-simclr-case2,9999,22,0.8326339735122379,0,0,0,0,0.0057452539313923
1067,pass,loss=cluster-simclr-case2,9999,23,0.8341056878350483,0,0,0,0,0.0057293387109583
1067,pass,loss=cluster-simclr-case2,9999,24,0.8454635735055063,0,0,0,0,0.0058601695624264
1067,pass,loss=cluster-simclr-case2,9999,25,0.8356354787749071,0,0,0,0,0.0057697860110889
1067,pass,loss=cluster-simclr-case2,9999,26,0.8250168193155065,0,0,0,0,0.005826440594413
1067,pass,loss=cluster-simclr-case2,9999,27,0.8487188883988745,0,0,0,0,0.0057241830392317
1067,pass,loss=cluster-simclr-case2,9999,28,0.8468242993396529,0,0,0,0,0.00581424017386
1067,pass,loss=cluster-simclr-case2,9999,29,0.8381654054620199,0,0,0,0,0.0057213617021387
1068,pass,loss=cluster-simclr-case2,9999,0,0.9185054901933304,0,0,0,0,0.0057702612082163
1068,pass,loss=cluster-simclr-case2,9999,1,0.9194337194337197,0,0,0,0,0.0057707169453303
1068,pass,loss=cluster-simclr-case2,9999,2,0.9348362785862786,0,0,0,0,0.0056952722469965
1068,pass,loss=cluster-simclr-case2,9999,3,0.90990990990991,0,0,0,0,0.0057377113103866
1068,pass,loss=cluster-simclr-case2,9999,4,0.9348362785862786,0,0,0,0,0.0057124431530634
1068,pass,loss=cluster-simclr-case2,9999,5,0.9194446244805956,0,0,0,0,0.0057586932182312
1068,pass,loss=cluster-simclr-case2,9999,6,0.8979419941694409,0,0,0,0,0.0056177652279535
1068,pass,loss=cluster-simclr-case2,9999,7,0.8996047934727179,0,0,0,0,0.0057832904259363
1068,pass,loss=cluster-simclr-case2,9999,8,0.9295045045045044,0,0,0,0,0.0057054552634557
1068,pass,loss=cluster-simclr-case2,9999,9,0.8969851310276842,0,0,0,0,0.0049897504647572
1068,pass,loss=cluster-simclr-case2,9999,10,0.9162180724680724,0,0,0,0,0.0045173537333806
1068,pass,loss=cluster-simclr-case2,9999,11,0.9194337194337197,0,0,0,0,0.0046770994663238
1068,pass,loss=cluster-simclr-case2,9999,12,0.926068679623182,0,0,0,0,0.0046327988306681
1068,pass,loss=cluster-simclr-case2,9999,13,0.9212559039622146,0,0,0,0,0.0046420221726099
1068,pass,loss=cluster-simclr-case2,9999,14,0.909967521478313,0,0,0,0,0.0046105477809906
1068,pass,loss=cluster-simclr-case2,9999,15,0.9227121369019542,0,0,0,0,0.0046247689723968
1068,pass,loss=cluster-simclr-case2,9999,16,0.916222666580662,0,0,0,0,0.0047142386039098
1068,pass,loss=cluster-simclr-case2,9999,17,0.909967521478313,0,0,0,0,0.0045612742900848
1068,pass,loss=cluster-simclr-case2,9999,18,0.9289217274828786,0,0,0,0,0.0046495253245035
1068,pass,loss=cluster-simclr-case2,9999,19,0.9124070884888814,0,0,0,0,0.0046337589820226
1068,pass,loss=cluster-simclr-case2,9999,20,0.9125065599580164,0,0,0,0,0.0046883718967437
1068,pass,loss=cluster-simclr-case2,9999,21,0.90990990990991,0,0,0,0,0.0045775152842203
1068,pass,loss=cluster-simclr-case2,9999,22,0.9334404309800702,0,0,0,0,0.0047100271383921
1068,pass,loss=cluster-simclr-case2,9999,23,0.9323876692297746,0,0,0,0,0.0046766224304835
1068,pass,loss=cluster-simclr-case2,9999,24,0.906816603372098,0,0,0,0,0.0046679526567459
1068,pass,loss=cluster-simclr-case2,9999,25,0.9212559039622146,0,0,0,0,0.0046070310672124
1068,pass,loss=cluster-simclr-case2,9999,26,0.9227121369019542,0,0,0,0,0.0046519140005111
1068,pass,loss=cluster-simclr-case2,9999,27,0.900727535764032,0,0,0,0,0.0046336742242177
1068,pass,loss=cluster-simclr-case2,9999,28,0.9194446244805956,0,0,0,0,0.004576205809911
1068,pass,loss=cluster-simclr-case2,9999,29,0.9227121369019542,0,0,0,0,0.0046669610738754
4134,pass,loss=cluster-simclr-case2,9999,0,0.7729866485460917,0,0,0,0,0.007856446814537
4134,pass,loss=cluster-simclr-case2,9999,1,0.7639707568638172,0,0,0,0,0.0077743502259254
4134,pass,loss=cluster-simclr-case2,9999,2,0.7819136919492685,0,0,0,0,0.0077640148520469
4134,pass,loss=cluster-simclr-case2,9999,3,0.7774946660688073,0,0,0,0,0.0078088264226913
4134,pass,loss=cluster-simclr-case2,9999,4,0.7563518708863406,0,0,0,0,0.009973890542984
4134,pass,loss=cluster-simclr-case2,9999,5,0.7706028860907969,0,0,0,0,0.0114204345703125
4134,pass,loss=cluster-simclr-case2,9999,6,0.7475341578855733,0,0,0,0,0.011220323061943
4134,pass,loss=cluster-simclr-case2,9999,7,0.7474412159000223,0,0,0,0,0.0113340366601943
4134,pass,loss=cluster-simclr-case2,9999,8,0.7606404038179216,0,0,0,0,0.0113183222651481
4134,pass,loss=cluster-simclr-case2,9999,9,0.7802678291046876,0,0,0,0,0.0112907688736915
4134,pass,loss=cluster-simclr-case2,9999,10,0.769438590676852,0,0,0,0,0.0112757528543472
4134,pass,loss=cluster-simclr-case2,9999,11,0.7933691919614847,0,0,0,0,0.0116188415527343
4134,pass,loss=cluster-simclr-case2,9999,12,0.7679354777895273,0,0,0,0,0.0120479675173759
4134,pass,loss=cluster-simclr-case2,9999,13,0.763377100574761,0,0,0,0,0.0115639489889144
4134,pass,loss=cluster-simclr-case2,9999,14,0.7592336236602971,0,0,0,0,0.0120675668001174
4134,pass,loss=cluster-simclr-case2,9999,15,0.7380945945320901,0,0,0,0,0.011681197476387
4134,pass,loss=cluster-simclr-case2,9999,16,0.7737855360787341,0,0,0,0,0.0120556364059448
4134,pass,loss=cluster-simclr-case2,9999,17,0.7446195809695848,0,0,0,0,0.0120072555541992
4134,pass,loss=cluster-simclr-case2,9999,18,0.7678613752743442,0,0,0,0,0.0114259443521499
4134,pass,loss=cluster-simclr-case2,9999,19,0.7725671791770626,0,0,0,0,0.0113217001914978
4134,pass,loss=cluster-simclr-case2,9999,20,0.7603195739014648,0,0,0,0,0.0111873703122138
4134,pass,loss=cluster-simclr-case2,9999,21,0.7634766942555765,0,0,0,0,0.0114696766018867
4134,pass,loss=cluster-simclr-case2,9999,22,0.7655335525504258,0,0,0,0,0.0111603661179542
4134,pass,loss=cluster-simclr-case2,9999,23,0.7359265781742896,0,0,0,0,0.0114805825471878
4134,pass,loss=cluster-simclr-case2,9999,24,0.7433815230668661,0,0,0,0,0.0114255179166793
4134,pass,loss=cluster-simclr-case2,9999,25,0.7661492739815022,0,0,0,0,0.0112427510380744
4134,pass,loss=cluster-simclr-case2,9999,26,0.7613037597662332,0,0,0,0,0.0115475986242294
4134,pass,loss=cluster-simclr-case2,9999,27,0.7680061776325039,0,0,0,0,0.0112083042263984
4134,pass,loss=cluster-simclr-case2,9999,28,0.7593234429281681,0,0,0,0,0.0114027812004089
4134,pass,loss=cluster-simclr-case2,9999,29,0.7872655031897771,0,0,0,0,0.0112431434988975
1464,pass,loss=cluster-simclr-case2,9999,0,0.7174301978856059,0,0,0,0,0.0020770460963249
1464,pass,loss=cluster-simclr-case2,9999,1,0.6991379683777345,0,0,0,0,0.0020622248649597
1464,pass,loss=cluster-simclr-case2,9999,2,0.729872340425532,0,0,0,0,0.0021065682768821
1464,pass,loss=cluster-simclr-case2,9999,3,0.7081637717121587,0,0,0,0,0.0020952414274215
1464,pass,loss=cluster-simclr-case2,9999,4,0.7509980108375061,0,0,0,0,0.0020918073654174
1464,pass,loss=cluster-simclr-case2,9999,5,0.7141784989858012,0,0,0,0,0.0021798800826072
1464,pass,loss=cluster-simclr-case2,9999,6,0.7739441583084847,0,0,0,0,0.0020546196103096
1464,pass,loss=cluster-simclr-case2,9999,7,0.7779859484777518,0,0,0,0,0.0020968427658081
1464,pass,loss=cluster-simclr-case2,9999,8,0.7604637755428865,0,0,0,0,0.0020845341086387
1464,pass,loss=cluster-simclr-case2,9999,9,0.6748512461529177,0,0,0,0,0.0020692150592803
1464,pass,loss=cluster-simclr-case2,9999,10,0.7670903391279567,0,0,0,0,0.0021043707728385
1464,pass,loss=cluster-simclr-case2,9999,11,0.7750153555398063,0,0,0,0,0.0020799319148063
1464,pass,loss=cluster-simclr-case2,9999,12,0.7338171262699565,0,0,0,0,0.0020982682704925
1464,pass,loss=cluster-simclr-case2,9999,13,0.732358926919519,0,0,0,0,0.0020879247784614
1464,pass,loss=cluster-simclr-case2,9999,14,0.7761389689851607,0,0,0,0,0.002088277041912
1464,pass,loss=cluster-simclr-case2,9999,15,0.7187822014051523,0,0,0,0,0.0020919277071952
1464,pass,loss=cluster-simclr-case2,9999,16,0.7033962264150944,0,0,0,0,0.0020304917097091
1464,pass,loss=cluster-simclr-case2,9999,17,0.7420000000000001,0,0,0,0,0.002100685596466
1464,pass,loss=cluster-simclr-case2,9999,18,0.7335831381733021,0,0,0,0,0.0021067565083503
1464,pass,loss=cluster-simclr-case2,9999,19,0.720876412187607,0,0,0,0,0.002098266005516
1464,pass,loss=cluster-simclr-case2,9999,20,0.7794553810275052,0,0,0,0,0.0021063167452812
1464,pass,loss=cluster-simclr-case2,9999,21,0.7604637755428865,0,0,0,0,0.0020078837275505
1464,pass,loss=cluster-simclr-case2,9999,22,0.7333333333333333,0,0,0,0,0.0023882300257682
1464,pass,loss=cluster-simclr-case2,9999,23,0.7927868852459018,0,0,0,0,0.0021265957951545
1464,pass,loss=cluster-simclr-case2,9999,24,0.7936840661225051,0,0,0,0,0.0021215265393257
1464,pass,loss=cluster-simclr-case2,9999,25,0.7235235732009925,0,0,0,0,0.0021090568304061
1464,pass,loss=cluster-simclr-case2,9999,26,0.7137127371273713,0,0,0,0,0.0020404132008552
1464,pass,loss=cluster-simclr-case2,9999,27,0.7816471929324593,0,0,0,0,0.0020915542244911
1464,pass,loss=cluster-simclr-case2,9999,28,0.7387012987012987,0,0,0,0,0.0021047087311744
1464,pass,loss=cluster-simclr-case2,9999,29,0.7578427550357374,0,0,0,0,0.002109041750431
1487,pass,loss=cluster-simclr-case2,9999,0,0.933413147590452,0,0,0,0,0.0021429245105156
1487,pass,loss=cluster-simclr-case2,9999,1,0.9280232913544516,0,0,0,0,0.0021504774093627
1487,pass,loss=cluster-simclr-case2,9999,2,0.925619292483198,0,0,0,0,0.0021589075968815
1487,pass,loss=cluster-simclr-case2,9999,3,0.9353776320137672,0,0,0,0,0.0021181883628551
1487,pass,loss=cluster-simclr-case2,9999,4,0.937953487419099,0,0,0,0,0.0021326728967519
1487,pass,loss=cluster-simclr-case2,9999,5,0.9275446177124056,0,0,0,0,0.0020916779774885
1487,pass,loss=cluster-simclr-case2,9999,6,0.9344288863822958,0,0,0,0,0.0021014240154853
1487,pass,loss=cluster-simclr-case2,9999,7,0.9294727733969652,0,0,0,0,0.0021160914347721
1487,pass,loss=cluster-simclr-case2,9999,8,0.9227080826500276,0,0,0,0,0.0021134384045234
1487,pass,loss=cluster-simclr-case2,9999,9,0.940909620954214,0,0,0,0,0.0021315762263077
1487,pass,loss=cluster-simclr-case2,9999,10,0.9436703182340486,0,0,0,0,0.0021307523617377
1487,pass,loss=cluster-simclr-case2,9999,11,0.9416625244278604,0,0,0,0,0.0021174421493823
1487,pass,loss=cluster-simclr-case2,9999,12,0.9313682518810724,0,0,0,0,0.0021115511564108
1487,pass,loss=cluster-simclr-case2,9999,13,0.9194211029420964,0,0,0,0,0.0021088491953336
1487,pass,loss=cluster-simclr-case2,9999,14,0.9299946282194804,0,0,0,0,0.0021154929124392
1487,pass,loss=cluster-simclr-case2,9999,15,0.9214077507308588,0,0,0,0,0.0020999013093801
1487,pass,loss=cluster-simclr-case2,9999,16,0.9296806190749788,0,0,0,0,0.0016199824076432
1487,pass,loss=cluster-simclr-case2,9999,17,0.9118156440763728,0,0,0,0,0.0016151017225705
1487,pass,loss=cluster-simclr-case2,9999,18,0.9289940828402368,0,0,0,0,0.0016291416791769
1487,pass,loss=cluster-simclr-case2,9999,19,0.933817053247039,0,0,0,0,0.0016206945455991
1487,pass,loss=cluster-simclr-case2,9999,20,0.9432106463151289,0,0,0,0,0.0016210069656372
1487,pass,loss=cluster-simclr-case2,9999,21,0.9190534936471524,0,0,0,0,0.0016193135885091
1487,pass,loss=cluster-simclr-case2,9999,22,0.9399472203959384,0,0,0,0,0.0016186338571401
1487,pass,loss=cluster-simclr-case2,9999,23,0.932974047975644,0,0,0,0,0.001613623875838
1487,pass,loss=cluster-simclr-case2,9999,24,0.9319276670393296,0,0,0,0,0.0016215321284074
1487,pass,loss=cluster-simclr-case2,9999,25,0.9478428872537488,0,0,0,0,0.0016177117090958
1487,pass,loss=cluster-simclr-case2,9999,26,0.9241977055288358,0,0,0,0,0.001617216513707
1487,pass,loss=cluster-simclr-case2,9999,27,0.9478428872537488,0,0,0,0,0.0016177911941821
1487,pass,loss=cluster-simclr-case2,9999,28,0.9555788846921518,0,0,0,0,0.001616081219453
1487,pass,loss=cluster-simclr-case2,9999,29,0.9298912205144658,0,0,0,0,0.0016196596439068
1049,pass,loss=cluster-simclr-case2,9999,0,0.912771702990106,0,0,0,0,0.0059450357641492
1049,pass,loss=cluster-simclr-case2,9999,1,0.9178082191780822,0,0,0,0,0.005790079150881
1049,pass,loss=cluster-simclr-case2,9999,2,0.888835017491285,0,0,0,0,0.0055747448035648
1049,pass,loss=cluster-simclr-case2,9999,3,0.9178082191780822,0,0,0,0,0.0059239205973488
1049,pass,loss=cluster-simclr-case2,9999,4,0.9293086094141076,0,0,0,0,0.0058240889821733
1049,pass,loss=cluster-simclr-case2,9999,5,0.917985987660776,0,0,0,0,0.0057156777381896
1049,pass,loss=cluster-simclr-case2,9999,6,0.9034197274450172,0,0,0,0,0.0059605797018323
1049,pass,loss=cluster-simclr-case2,9999,7,0.9287902027628056,0,0,0,0,0.0058093169076102
1049,pass,loss=cluster-simclr-case2,9999,8,0.9069732018643948,0,0,0,0,0.0055843923773084
1049,pass,loss=cluster-simclr-case2,9999,9,0.8944588907058413,0,0,0,0,0.0059097074781145
1049,pass,loss=cluster-simclr-case2,9999,10,0.884906824632852,0,0,0,0,0.0058033340999058
1049,pass,loss=cluster-simclr-case2,9999,11,0.9167939570689958,0,0,0,0,0.0057368016583578
1049,pass,loss=cluster-simclr-case2,9999,12,0.921669223039086,0,0,0,0,0.0059691714218684
1049,pass,loss=cluster-simclr-case2,9999,13,0.9119875717780632,0,0,0,0,0.005799842425755
1049,pass,loss=cluster-simclr-case2,9999,14,0.9119671273510394,0,0,0,0,0.0058431007862091
1049,pass,loss=cluster-simclr-case2,9999,15,0.9207549497363364,0,0,0,0,0.0057661842618669
1049,pass,loss=cluster-simclr-case2,9999,16,0.8860643244204888,0,0,0,0,0.0058286591597965
1049,pass,loss=cluster-simclr-case2,9999,17,0.8946367333170923,0,0,0,0,0.0058202748298645
1049,pass,loss=cluster-simclr-case2,9999,18,0.897294981909546,0,0,0,0,0.0058381523404802
1049,pass,loss=cluster-simclr-case2,9999,19,0.9029262832471616,0,0,0,0,0.0057936136381966
1049,pass,loss=cluster-simclr-case2,9999,20,0.8984921556270522,0,0,0,0,0.0058379116739545
1049,pass,loss=cluster-simclr-case2,9999,21,0.915709386653674,0,0,0,0,0.0057348346369607
1049,pass,loss=cluster-simclr-case2,9999,22,0.9029262832471616,0,0,0,0,0.0057798926489693
1049,pass,loss=cluster-simclr-case2,9999,23,0.8876125155382317,0,0,0,0,0.0058014850616455
1049,pass,loss=cluster-simclr-case2,9999,24,0.888835017491285,0,0,0,0,0.0058483098915645
1049,pass,loss=cluster-simclr-case2,9999,25,0.9422023182297156,0,0,0,0,0.0058482098579406
1049,pass,loss=cluster-simclr-case2,9999,26,0.9129515353479156,0,0,0,0,0.0058197932243347
1049,pass,loss=cluster-simclr-case2,9999,27,0.9080770983567004,0,0,0,0,0.0057622823715209
1049,pass,loss=cluster-simclr-case2,9999,28,0.8944588907058413,0,0,0,0,0.0057488371985299
1049,pass,loss=cluster-simclr-case2,9999,29,0.9086851688748132,0,0,0,0,0.0058034306594303
1494,pass,loss=cluster-simclr-case2,9999,0,0.8708253145750529,0,0,0,0,0.0059245883464813
1494,pass,loss=cluster-simclr-case2,9999,1,0.8854084739220404,0,0,0,0,0.0056091272354125
1494,pass,loss=cluster-simclr-case2,9999,2,0.8483412322274881,0,0,0,0,0.0059071621894836
1494,pass,loss=cluster-simclr-case2,9999,3,0.894528318071669,0,0,0,0,0.005762804698944
1494,pass,loss=cluster-simclr-case2,9999,4,0.8742342529726088,0,0,0,0,0.005941613292694
1494,pass,loss=cluster-simclr-case2,9999,5,0.8421198289250647,0,0,0,0,0.0056003761291503
1494,pass,loss=cluster-simclr-case2,9999,6,0.872668724922019,0,0,0,0,0.0058550632953643
1494,pass,loss=cluster-simclr-case2,9999,7,0.8606720695958934,0,0,0,0,0.0058032040119171
1494,pass,loss=cluster-simclr-case2,9999,8,0.8753516486301542,0,0,0,0,0.0058917495727539
1494,pass,loss=cluster-simclr-case2,9999,9,0.8472112985627205,0,0,0,0,0.0059313923835754
1494,pass,loss=cluster-simclr-case2,9999,10,0.8210672304567057,0,0,0,0,0.0057046569347381
1494,pass,loss=cluster-simclr-case2,9999,11,0.8668212833182078,0,0,0,0,0.0058425416469573
1494,pass,loss=cluster-simclr-case2,9999,12,0.8555504468180425,0,0,0,0,0.0058342760562896
1494,pass,loss=cluster-simclr-case2,9999,13,0.8960836070480108,0,0,0,0,0.0059533357143402
1494,pass,loss=cluster-simclr-case2,9999,14,0.8858468142727495,0,0,0,0,0.0056457880496978
1494,pass,loss=cluster-simclr-case2,9999,15,0.8421198289250647,0,0,0,0,0.0060211415290832
1494,pass,loss=cluster-simclr-case2,9999,16,0.865180417030173,0,0,0,0,0.005830018043518
1494,pass,loss=cluster-simclr-case2,9999,17,0.8496890233903494,0,0,0,0,0.0059453590393066
1494,pass,loss=cluster-simclr-case2,9999,18,0.8548856765068565,0,0,0,0,0.0057937778949737
1494,pass,loss=cluster-simclr-case2,9999,19,0.8903967141628415,0,0,0,0,0.0057833285331726
1494,pass,loss=cluster-simclr-case2,9999,20,0.8817185294788108,0,0,0,0,0.0057452155590057
1494,pass,loss=cluster-simclr-case2,9999,21,0.8310937069793656,0,0,0,0,0.0058161926746368
1494,pass,loss=cluster-simclr-case2,9999,22,0.8522738321325255,0,0,0,0,0.005816135597229
1494,pass,loss=cluster-simclr-case2,9999,23,0.8782510919059567,0,0,0,0,0.0054829687595367
1494,pass,loss=cluster-simclr-case2,9999,24,0.8758591800822103,0,0,0,0,0.0056859655380249
1494,pass,loss=cluster-simclr-case2,9999,25,0.8957345971563981,0,0,0,0,0.0058519674301147
1494,pass,loss=cluster-simclr-case2,9999,26,0.825015106947198,0,0,0,0,0.0058965834140777
1494,pass,loss=cluster-simclr-case2,9999,27,0.857308517840937,0,0,0,0,0.0056937652111053
1494,pass,loss=cluster-simclr-case2,9999,28,0.8255089934116555,0,0,0,0,0.0057568943023681
1494,pass,loss=cluster-simclr-case2,9999,29,0.8522738321325255,0,0,0,0,0.0056492860794067
1510,pass,loss=cluster-simclr-case2,9999,0,0.9392169292360316,0,0,0,0,0.0094599188963572
1510,pass,loss=cluster-simclr-case2,9999,1,0.973616425775698,0,0,0,0,0.0094279221693674
1510,pass,loss=cluster-simclr-case2,9999,2,0.9824561403508772,0,0,0,0,0.0093386152585347
1510,pass,loss=cluster-simclr-case2,9999,3,0.991205475258566,0,0,0,0,0.0096008670330047
1510,pass,loss=cluster-simclr-case2,9999,4,0.9376836024305945,0,0,0,0,0.0095129566987355
1510,pass,loss=cluster-simclr-case2,9999,5,0.973616425775698,0,0,0,0,0.0094262284437815
1510,pass,loss=cluster-simclr-case2,9999,6,0.956244993396696,0,0,0,0,0.009448923031489
1510,pass,loss=cluster-simclr-case2,9999,7,0.973616425775698,0,0,0,0,0.0093580408096313
1510,pass,loss=cluster-simclr-case2,9999,8,0.9649122807017544,0,0,0,0,0.0093948674996693
1510,pass,loss=cluster-simclr-case2,9999,9,0.9824561403508772,0,0,0,0,0.0094550101757049
1510,pass,loss=cluster-simclr-case2,9999,10,0.9824561403508772,0,0,0,0,0.0094280745188395
1510,pass,loss=cluster-simclr-case2,9999,11,0.991205475258566,0,0,0,0,0.0094006437460581
1510,pass,loss=cluster-simclr-case2,9999,12,0.965073180823004,0,0,0,0,0.0095221850872039
1510,pass,loss=cluster-simclr-case2,9999,13,0.973616425775698,0,0,0,0,0.009535428126653
1510,pass,loss=cluster-simclr-case2,9999,14,0.9557756825927252,0,0,0,0,0.0094367218812306
1510,pass,loss=cluster-simclr-case2,9999,15,0.973616425775698,0,0,0,0,0.0094482178688049
1510,pass,loss=cluster-simclr-case2,9999,16,0.9649122807017544,0,0,0,0,0.009550233443578
1510,pass,loss=cluster-simclr-case2,9999,17,0.9645092460881936,0,0,0,0,0.0094504290421803
1510,pass,loss=cluster-simclr-case2,9999,18,0.982536590411502,0,0,0,0,0.0095104242960611
1510,pass,loss=cluster-simclr-case2,9999,19,0.9734654095556352,0,0,0,0,0.0092321560382843
1510,pass,loss=cluster-simclr-case2,9999,20,0.9824561403508772,0,0,0,0,0.0093253077665964
1510,pass,loss=cluster-simclr-case2,9999,21,0.9737469960380176,0,0,0,0,0.0092612867355346
1510,pass,loss=cluster-simclr-case2,9999,22,0.9912489986793392,0,0,0,0,0.0091562747955322
1510,pass,loss=cluster-simclr-case2,9999,23,0.9387429907553746,0,0,0,0,0.0095457537968953
1510,pass,loss=cluster-simclr-case2,9999,24,0.9647247085304308,0,0,0,0,0.0095449463526407
1510,pass,loss=cluster-simclr-case2,9999,25,0.956244993396696,0,0,0,0,0.0094833869139353
1510,pass,loss=cluster-simclr-case2,9999,26,0.956244993396696,0,0,0,0,0.0095390637715657
1510,pass,loss=cluster-simclr-case2,9999,27,0.9387429907553746,0,0,0,0,0.0094059380690256
1510,pass,loss=cluster-simclr-case2,9999,28,0.95602737629283,0,0,0,0,0.0095011706352233
1510,pass,loss=cluster-simclr-case2,9999,29,0.991205475258566,0,0,0,0,0.0094193432331085
